--
-- PostgreSQL database dump
--

\restrict UEwowy9gAt93XRgXHVeY2tkyXFmd2R2arZomKTgLvxiWPmjdsoPNXYXM8f4D7Ig

-- Dumped from database version 18.3 (Debian 18.3-1.pgdg13+1)
-- Dumped by pg_dump version 18.3

SET statement_timeout = 0;
SET lock_timeout = 0;
SET idle_in_transaction_session_timeout = 0;
SET transaction_timeout = 0;
SET client_encoding = 'UTF8';
SET standard_conforming_strings = on;
SELECT pg_catalog.set_config('search_path', '', false);
SET check_function_bodies = false;
SET xmloption = content;
SET client_min_messages = warning;
SET row_security = off;

SET default_tablespace = '';

SET default_table_access_method = heap;

--
-- Name: aboutus_pagesection; Type: TABLE; Schema: public; Owner: postgres
--

CREATE TABLE public.aboutus_pagesection (
    id bigint NOT NULL,
    section_type character varying(50) NOT NULL,
    "order" integer NOT NULL,
    is_active boolean NOT NULL,
    super_heading character varying(200),
    heading character varying(255),
    subheading text,
    overview_text character varying(255),
    background_image character varying(100),
    primary_image character varying(100),
    primary_button_text character varying(50),
    primary_button_url character varying(200),
    secondary_button_text character varying(50),
    secondary_button_url character varying(200),
    CONSTRAINT aboutus_pagesection_order_check CHECK (("order" >= 0))
);


ALTER TABLE public.aboutus_pagesection OWNER TO postgres;

--
-- Name: aboutus_pagesection_id_seq; Type: SEQUENCE; Schema: public; Owner: postgres
--

ALTER TABLE public.aboutus_pagesection ALTER COLUMN id ADD GENERATED BY DEFAULT AS IDENTITY (
    SEQUENCE NAME public.aboutus_pagesection_id_seq
    START WITH 1
    INCREMENT BY 1
    NO MINVALUE
    NO MAXVALUE
    CACHE 1
);


--
-- Name: aboutus_sectioncontent; Type: TABLE; Schema: public; Owner: postgres
--

CREATE TABLE public.aboutus_sectioncontent (
    id bigint NOT NULL,
    "order" integer NOT NULL,
    is_active boolean NOT NULL,
    label character varying(100),
    title character varying(200),
    description text,
    text character varying(255),
    question character varying(255),
    answer text,
    primary_button_text character varying(50),
    primary_button_url character varying(200),
    secondary_button_text character varying(50),
    secondary_button_url character varying(200),
    image character varying(100),
    person_name character varying(100),
    person_role character varying(100),
    linkedin_url character varying(200),
    twitter_url character varying(200),
    facebook_url character varying(200),
    instagram_url character varying(200),
    section_id bigint NOT NULL,
    CONSTRAINT aboutus_sectioncontent_order_check CHECK (("order" >= 0))
);


ALTER TABLE public.aboutus_sectioncontent OWNER TO postgres;

--
-- Name: aboutus_sectioncontent_id_seq; Type: SEQUENCE; Schema: public; Owner: postgres
--

ALTER TABLE public.aboutus_sectioncontent ALTER COLUMN id ADD GENERATED BY DEFAULT AS IDENTITY (
    SEQUENCE NAME public.aboutus_sectioncontent_id_seq
    START WITH 1
    INCREMENT BY 1
    NO MINVALUE
    NO MAXVALUE
    CACHE 1
);


--
-- Name: auth_group; Type: TABLE; Schema: public; Owner: postgres
--

CREATE TABLE public.auth_group (
    id integer NOT NULL,
    name character varying(150) NOT NULL
);


ALTER TABLE public.auth_group OWNER TO postgres;

--
-- Name: auth_group_id_seq; Type: SEQUENCE; Schema: public; Owner: postgres
--

ALTER TABLE public.auth_group ALTER COLUMN id ADD GENERATED BY DEFAULT AS IDENTITY (
    SEQUENCE NAME public.auth_group_id_seq
    START WITH 1
    INCREMENT BY 1
    NO MINVALUE
    NO MAXVALUE
    CACHE 1
);


--
-- Name: auth_group_permissions; Type: TABLE; Schema: public; Owner: postgres
--

CREATE TABLE public.auth_group_permissions (
    id bigint NOT NULL,
    group_id integer NOT NULL,
    permission_id integer NOT NULL
);


ALTER TABLE public.auth_group_permissions OWNER TO postgres;

--
-- Name: auth_group_permissions_id_seq; Type: SEQUENCE; Schema: public; Owner: postgres
--

ALTER TABLE public.auth_group_permissions ALTER COLUMN id ADD GENERATED BY DEFAULT AS IDENTITY (
    SEQUENCE NAME public.auth_group_permissions_id_seq
    START WITH 1
    INCREMENT BY 1
    NO MINVALUE
    NO MAXVALUE
    CACHE 1
);


--
-- Name: auth_permission; Type: TABLE; Schema: public; Owner: postgres
--

CREATE TABLE public.auth_permission (
    id integer NOT NULL,
    name character varying(255) NOT NULL,
    content_type_id integer NOT NULL,
    codename character varying(100) NOT NULL
);


ALTER TABLE public.auth_permission OWNER TO postgres;

--
-- Name: auth_permission_id_seq; Type: SEQUENCE; Schema: public; Owner: postgres
--

ALTER TABLE public.auth_permission ALTER COLUMN id ADD GENERATED BY DEFAULT AS IDENTITY (
    SEQUENCE NAME public.auth_permission_id_seq
    START WITH 1
    INCREMENT BY 1
    NO MINVALUE
    NO MAXVALUE
    CACHE 1
);


--
-- Name: auth_user; Type: TABLE; Schema: public; Owner: postgres
--

CREATE TABLE public.auth_user (
    id integer NOT NULL,
    password character varying(128) NOT NULL,
    last_login timestamp with time zone,
    is_superuser boolean NOT NULL,
    username character varying(150) NOT NULL,
    first_name character varying(150) NOT NULL,
    last_name character varying(150) NOT NULL,
    email character varying(254) NOT NULL,
    is_staff boolean NOT NULL,
    is_active boolean NOT NULL,
    date_joined timestamp with time zone NOT NULL
);


ALTER TABLE public.auth_user OWNER TO postgres;

--
-- Name: auth_user_groups; Type: TABLE; Schema: public; Owner: postgres
--

CREATE TABLE public.auth_user_groups (
    id bigint NOT NULL,
    user_id integer NOT NULL,
    group_id integer NOT NULL
);


ALTER TABLE public.auth_user_groups OWNER TO postgres;

--
-- Name: auth_user_groups_id_seq; Type: SEQUENCE; Schema: public; Owner: postgres
--

ALTER TABLE public.auth_user_groups ALTER COLUMN id ADD GENERATED BY DEFAULT AS IDENTITY (
    SEQUENCE NAME public.auth_user_groups_id_seq
    START WITH 1
    INCREMENT BY 1
    NO MINVALUE
    NO MAXVALUE
    CACHE 1
);


--
-- Name: auth_user_id_seq; Type: SEQUENCE; Schema: public; Owner: postgres
--

ALTER TABLE public.auth_user ALTER COLUMN id ADD GENERATED BY DEFAULT AS IDENTITY (
    SEQUENCE NAME public.auth_user_id_seq
    START WITH 1
    INCREMENT BY 1
    NO MINVALUE
    NO MAXVALUE
    CACHE 1
);


--
-- Name: auth_user_user_permissions; Type: TABLE; Schema: public; Owner: postgres
--

CREATE TABLE public.auth_user_user_permissions (
    id bigint NOT NULL,
    user_id integer NOT NULL,
    permission_id integer NOT NULL
);


ALTER TABLE public.auth_user_user_permissions OWNER TO postgres;

--
-- Name: auth_user_user_permissions_id_seq; Type: SEQUENCE; Schema: public; Owner: postgres
--

ALTER TABLE public.auth_user_user_permissions ALTER COLUMN id ADD GENERATED BY DEFAULT AS IDENTITY (
    SEQUENCE NAME public.auth_user_user_permissions_id_seq
    START WITH 1
    INCREMENT BY 1
    NO MINVALUE
    NO MAXVALUE
    CACHE 1
);


--
-- Name: core_announcement; Type: TABLE; Schema: public; Owner: postgres
--

CREATE TABLE public.core_announcement (
    id bigint NOT NULL,
    icon character varying(10) NOT NULL,
    text character varying(255) NOT NULL,
    "order" integer NOT NULL,
    is_active boolean NOT NULL,
    CONSTRAINT core_announcement_order_check CHECK (("order" >= 0))
);


ALTER TABLE public.core_announcement OWNER TO postgres;

--
-- Name: core_announcement_id_seq; Type: SEQUENCE; Schema: public; Owner: postgres
--

ALTER TABLE public.core_announcement ALTER COLUMN id ADD GENERATED BY DEFAULT AS IDENTITY (
    SEQUENCE NAME public.core_announcement_id_seq
    START WITH 1
    INCREMENT BY 1
    NO MINVALUE
    NO MAXVALUE
    CACHE 1
);


--
-- Name: core_companyprofile; Type: TABLE; Schema: public; Owner: postgres
--

CREATE TABLE public.core_companyprofile (
    id bigint NOT NULL,
    name character varying(200) NOT NULL,
    tagline character varying(300),
    description text NOT NULL,
    logo character varying(100),
    cover_image character varying(100),
    email character varying(254),
    phone character varying(20),
    address text,
    is_active boolean NOT NULL,
    copyright_text character varying(200),
    credits_text character varying(200)
);


ALTER TABLE public.core_companyprofile OWNER TO postgres;

--
-- Name: core_companyprofile_id_seq; Type: SEQUENCE; Schema: public; Owner: postgres
--

ALTER TABLE public.core_companyprofile ALTER COLUMN id ADD GENERATED BY DEFAULT AS IDENTITY (
    SEQUENCE NAME public.core_companyprofile_id_seq
    START WITH 1
    INCREMENT BY 1
    NO MINVALUE
    NO MAXVALUE
    CACHE 1
);


--
-- Name: core_contactinfo; Type: TABLE; Schema: public; Owner: postgres
--

CREATE TABLE public.core_contactinfo (
    id bigint NOT NULL,
    email character varying(254) NOT NULL,
    phone character varying(20) NOT NULL,
    address text NOT NULL,
    working_hours character varying(100) NOT NULL
);


ALTER TABLE public.core_contactinfo OWNER TO postgres;

--
-- Name: core_contactinfo_id_seq; Type: SEQUENCE; Schema: public; Owner: postgres
--

ALTER TABLE public.core_contactinfo ALTER COLUMN id ADD GENERATED BY DEFAULT AS IDENTITY (
    SEQUENCE NAME public.core_contactinfo_id_seq
    START WITH 1
    INCREMENT BY 1
    NO MINVALUE
    NO MAXVALUE
    CACHE 1
);


--
-- Name: core_contactmessage; Type: TABLE; Schema: public; Owner: postgres
--

CREATE TABLE public.core_contactmessage (
    id bigint NOT NULL,
    full_name character varying(100) NOT NULL,
    email_address character varying(254) NOT NULL,
    phone_number character varying(20),
    subject character varying(50) NOT NULL,
    message text NOT NULL,
    submitted_at timestamp with time zone NOT NULL
);


ALTER TABLE public.core_contactmessage OWNER TO postgres;

--
-- Name: core_contactmessage_id_seq; Type: SEQUENCE; Schema: public; Owner: postgres
--

ALTER TABLE public.core_contactmessage ALTER COLUMN id ADD GENERATED BY DEFAULT AS IDENTITY (
    SEQUENCE NAME public.core_contactmessage_id_seq
    START WITH 1
    INCREMENT BY 1
    NO MINVALUE
    NO MAXVALUE
    CACHE 1
);


--
-- Name: core_footeritem; Type: TABLE; Schema: public; Owner: postgres
--

CREATE TABLE public.core_footeritem (
    id bigint NOT NULL,
    text character varying(200) NOT NULL,
    url character varying(200),
    icon character varying(100),
    "order" integer NOT NULL,
    is_active boolean NOT NULL,
    section_id bigint NOT NULL,
    CONSTRAINT core_footeritem_order_check CHECK (("order" >= 0))
);


ALTER TABLE public.core_footeritem OWNER TO postgres;

--
-- Name: core_footeritem_id_seq; Type: SEQUENCE; Schema: public; Owner: postgres
--

ALTER TABLE public.core_footeritem ALTER COLUMN id ADD GENERATED BY DEFAULT AS IDENTITY (
    SEQUENCE NAME public.core_footeritem_id_seq
    START WITH 1
    INCREMENT BY 1
    NO MINVALUE
    NO MAXVALUE
    CACHE 1
);


--
-- Name: core_footersection; Type: TABLE; Schema: public; Owner: postgres
--

CREATE TABLE public.core_footersection (
    id bigint NOT NULL,
    title character varying(100) NOT NULL,
    "order" integer NOT NULL,
    is_active boolean NOT NULL,
    CONSTRAINT core_footersection_order_check CHECK (("order" >= 0))
);


ALTER TABLE public.core_footersection OWNER TO postgres;

--
-- Name: core_footersection_id_seq; Type: SEQUENCE; Schema: public; Owner: postgres
--

ALTER TABLE public.core_footersection ALTER COLUMN id ADD GENERATED BY DEFAULT AS IDENTITY (
    SEQUENCE NAME public.core_footersection_id_seq
    START WITH 1
    INCREMENT BY 1
    NO MINVALUE
    NO MAXVALUE
    CACHE 1
);


--
-- Name: core_footersubscription; Type: TABLE; Schema: public; Owner: postgres
--

CREATE TABLE public.core_footersubscription (
    id bigint NOT NULL,
    placeholder_text character varying(100) NOT NULL,
    button_text character varying(50) NOT NULL,
    is_active boolean NOT NULL
);


ALTER TABLE public.core_footersubscription OWNER TO postgres;

--
-- Name: core_footersubscription_id_seq; Type: SEQUENCE; Schema: public; Owner: postgres
--

ALTER TABLE public.core_footersubscription ALTER COLUMN id ADD GENERATED BY DEFAULT AS IDENTITY (
    SEQUENCE NAME public.core_footersubscription_id_seq
    START WITH 1
    INCREMENT BY 1
    NO MINVALUE
    NO MAXVALUE
    CACHE 1
);


--
-- Name: core_menu; Type: TABLE; Schema: public; Owner: postgres
--

CREATE TABLE public.core_menu (
    id bigint NOT NULL,
    text character varying(100) NOT NULL,
    url character varying(200),
    is_button boolean NOT NULL,
    "order" integer NOT NULL,
    is_active boolean NOT NULL,
    CONSTRAINT core_menu_order_check CHECK (("order" >= 0))
);


ALTER TABLE public.core_menu OWNER TO postgres;

--
-- Name: core_menu_id_seq; Type: SEQUENCE; Schema: public; Owner: postgres
--

ALTER TABLE public.core_menu ALTER COLUMN id ADD GENERATED BY DEFAULT AS IDENTITY (
    SEQUENCE NAME public.core_menu_id_seq
    START WITH 1
    INCREMENT BY 1
    NO MINVALUE
    NO MAXVALUE
    CACHE 1
);


--
-- Name: core_sitestatistic; Type: TABLE; Schema: public; Owner: postgres
--

CREATE TABLE public.core_sitestatistic (
    id bigint NOT NULL,
    icon character varying(10) NOT NULL,
    value character varying(100) NOT NULL,
    label character varying(100) NOT NULL,
    sub_label character varying(100),
    "order" integer NOT NULL,
    is_active boolean NOT NULL,
    CONSTRAINT core_sitestatistic_order_check CHECK (("order" >= 0))
);


ALTER TABLE public.core_sitestatistic OWNER TO postgres;

--
-- Name: core_sitestatistic_id_seq; Type: SEQUENCE; Schema: public; Owner: postgres
--

ALTER TABLE public.core_sitestatistic ALTER COLUMN id ADD GENERATED BY DEFAULT AS IDENTITY (
    SEQUENCE NAME public.core_sitestatistic_id_seq
    START WITH 1
    INCREMENT BY 1
    NO MINVALUE
    NO MAXVALUE
    CACHE 1
);


--
-- Name: core_sociallink; Type: TABLE; Schema: public; Owner: postgres
--

CREATE TABLE public.core_sociallink (
    id bigint NOT NULL,
    platform character varying(15) NOT NULL,
    social_icon character varying(255),
    social_link character varying(200) NOT NULL,
    is_active boolean NOT NULL
);


ALTER TABLE public.core_sociallink OWNER TO postgres;

--
-- Name: core_sociallink_id_seq; Type: SEQUENCE; Schema: public; Owner: postgres
--

ALTER TABLE public.core_sociallink ALTER COLUMN id ADD GENERATED BY DEFAULT AS IDENTITY (
    SEQUENCE NAME public.core_sociallink_id_seq
    START WITH 1
    INCREMENT BY 1
    NO MINVALUE
    NO MAXVALUE
    CACHE 1
);


--
-- Name: core_submenu; Type: TABLE; Schema: public; Owner: postgres
--

CREATE TABLE public.core_submenu (
    id bigint NOT NULL,
    text character varying(100) NOT NULL,
    url character varying(200) NOT NULL,
    "order" integer NOT NULL,
    is_active boolean NOT NULL,
    slug character varying(50),
    menu_id bigint NOT NULL,
    CONSTRAINT core_submenu_order_check CHECK (("order" >= 0))
);


ALTER TABLE public.core_submenu OWNER TO postgres;

--
-- Name: core_submenu_id_seq; Type: SEQUENCE; Schema: public; Owner: postgres
--

ALTER TABLE public.core_submenu ALTER COLUMN id ADD GENERATED BY DEFAULT AS IDENTITY (
    SEQUENCE NAME public.core_submenu_id_seq
    START WITH 1
    INCREMENT BY 1
    NO MINVALUE
    NO MAXVALUE
    CACHE 1
);


--
-- Name: django_admin_log; Type: TABLE; Schema: public; Owner: postgres
--

CREATE TABLE public.django_admin_log (
    id integer NOT NULL,
    action_time timestamp with time zone NOT NULL,
    object_id text,
    object_repr character varying(200) NOT NULL,
    action_flag smallint NOT NULL,
    change_message text NOT NULL,
    content_type_id integer,
    user_id integer NOT NULL,
    CONSTRAINT django_admin_log_action_flag_check CHECK ((action_flag >= 0))
);


ALTER TABLE public.django_admin_log OWNER TO postgres;

--
-- Name: django_admin_log_id_seq; Type: SEQUENCE; Schema: public; Owner: postgres
--

ALTER TABLE public.django_admin_log ALTER COLUMN id ADD GENERATED BY DEFAULT AS IDENTITY (
    SEQUENCE NAME public.django_admin_log_id_seq
    START WITH 1
    INCREMENT BY 1
    NO MINVALUE
    NO MAXVALUE
    CACHE 1
);


--
-- Name: django_content_type; Type: TABLE; Schema: public; Owner: postgres
--

CREATE TABLE public.django_content_type (
    id integer NOT NULL,
    app_label character varying(100) NOT NULL,
    model character varying(100) NOT NULL
);


ALTER TABLE public.django_content_type OWNER TO postgres;

--
-- Name: django_content_type_id_seq; Type: SEQUENCE; Schema: public; Owner: postgres
--

ALTER TABLE public.django_content_type ALTER COLUMN id ADD GENERATED BY DEFAULT AS IDENTITY (
    SEQUENCE NAME public.django_content_type_id_seq
    START WITH 1
    INCREMENT BY 1
    NO MINVALUE
    NO MAXVALUE
    CACHE 1
);


--
-- Name: django_migrations; Type: TABLE; Schema: public; Owner: postgres
--

CREATE TABLE public.django_migrations (
    id bigint NOT NULL,
    app character varying(255) NOT NULL,
    name character varying(255) NOT NULL,
    applied timestamp with time zone NOT NULL
);


ALTER TABLE public.django_migrations OWNER TO postgres;

--
-- Name: django_migrations_id_seq; Type: SEQUENCE; Schema: public; Owner: postgres
--

ALTER TABLE public.django_migrations ALTER COLUMN id ADD GENERATED BY DEFAULT AS IDENTITY (
    SEQUENCE NAME public.django_migrations_id_seq
    START WITH 1
    INCREMENT BY 1
    NO MINVALUE
    NO MAXVALUE
    CACHE 1
);


--
-- Name: django_session; Type: TABLE; Schema: public; Owner: postgres
--

CREATE TABLE public.django_session (
    session_key character varying(40) NOT NULL,
    session_data text NOT NULL,
    expire_date timestamp with time zone NOT NULL
);


ALTER TABLE public.django_session OWNER TO postgres;

--
-- Name: homepage_contactussection; Type: TABLE; Schema: public; Owner: postgres
--

CREATE TABLE public.homepage_contactussection (
    pagesection_ptr_id bigint NOT NULL,
    heading character varying(255) NOT NULL,
    subheading text
);


ALTER TABLE public.homepage_contactussection OWNER TO postgres;

--
-- Name: homepage_ctasection; Type: TABLE; Schema: public; Owner: postgres
--

CREATE TABLE public.homepage_ctasection (
    pagesection_ptr_id bigint NOT NULL,
    heading character varying(255) NOT NULL,
    subheading text,
    primary_button_text character varying(50),
    primary_button_url character varying(200)
);


ALTER TABLE public.homepage_ctasection OWNER TO postgres;

--
-- Name: homepage_faqsection; Type: TABLE; Schema: public; Owner: postgres
--

CREATE TABLE public.homepage_faqsection (
    pagesection_ptr_id bigint NOT NULL,
    heading character varying(255) NOT NULL,
    subheading text
);


ALTER TABLE public.homepage_faqsection OWNER TO postgres;

--
-- Name: homepage_herosection; Type: TABLE; Schema: public; Owner: postgres
--

CREATE TABLE public.homepage_herosection (
    pagesection_ptr_id bigint NOT NULL,
    super_heading character varying(200),
    heading character varying(255) NOT NULL,
    subheading text,
    background_image character varying(100),
    primary_button_text character varying(50),
    primary_button_url character varying(200),
    secondary_button_text character varying(50),
    secondary_button_url character varying(200),
    overview_text character varying(255)
);


ALTER TABLE public.homepage_herosection OWNER TO postgres;

--
-- Name: homepage_ourservicessection; Type: TABLE; Schema: public; Owner: postgres
--

CREATE TABLE public.homepage_ourservicessection (
    pagesection_ptr_id bigint NOT NULL,
    heading character varying(255) NOT NULL,
    subheading text
);


ALTER TABLE public.homepage_ourservicessection OWNER TO postgres;

--
-- Name: homepage_overviewsection; Type: TABLE; Schema: public; Owner: postgres
--

CREATE TABLE public.homepage_overviewsection (
    pagesection_ptr_id bigint NOT NULL,
    heading character varying(255) NOT NULL,
    subheading text,
    primary_image character varying(100),
    overview_text character varying(100),
    primary_button_text character varying(50),
    primary_button_url character varying(200),
    secondary_button_text character varying(50),
    secondary_button_url character varying(200)
);


ALTER TABLE public.homepage_overviewsection OWNER TO postgres;

--
-- Name: homepage_pagesection; Type: TABLE; Schema: public; Owner: postgres
--

CREATE TABLE public.homepage_pagesection (
    id bigint NOT NULL,
    object_id integer NOT NULL,
    section_type character varying(50) NOT NULL,
    "order" integer NOT NULL,
    is_active boolean NOT NULL,
    label character varying(200),
    super_heading character varying(200),
    heading character varying(255),
    subheading text,
    overview_text character varying(100),
    background_image character varying(100),
    primary_image character varying(100),
    primary_button_text character varying(50),
    primary_button_url character varying(200),
    secondary_button_text character varying(50),
    secondary_button_url character varying(200),
    content_type_id integer NOT NULL,
    CONSTRAINT homepage_pagesection_object_id_check CHECK ((object_id >= 0)),
    CONSTRAINT homepage_pagesection_order_check CHECK (("order" >= 0))
);


ALTER TABLE public.homepage_pagesection OWNER TO postgres;

--
-- Name: homepage_pagesection_id_seq; Type: SEQUENCE; Schema: public; Owner: postgres
--

ALTER TABLE public.homepage_pagesection ALTER COLUMN id ADD GENERATED BY DEFAULT AS IDENTITY (
    SEQUENCE NAME public.homepage_pagesection_id_seq
    START WITH 1
    INCREMENT BY 1
    NO MINVALUE
    NO MAXVALUE
    CACHE 1
);


--
-- Name: homepage_placementsection; Type: TABLE; Schema: public; Owner: postgres
--

CREATE TABLE public.homepage_placementsection (
    pagesection_ptr_id bigint NOT NULL,
    heading character varying(255) NOT NULL,
    subheading text
);


ALTER TABLE public.homepage_placementsection OWNER TO postgres;

--
-- Name: homepage_sectioncontent; Type: TABLE; Schema: public; Owner: postgres
--

CREATE TABLE public.homepage_sectioncontent (
    id bigint NOT NULL,
    "order" integer NOT NULL,
    is_active boolean NOT NULL,
    label character varying(100),
    title character varying(200),
    description text,
    text character varying(255),
    question character varying(255),
    answer text,
    icon character varying(100),
    section_id bigint NOT NULL,
    CONSTRAINT homepage_sectioncontent_order_check CHECK (("order" >= 0))
);


ALTER TABLE public.homepage_sectioncontent OWNER TO postgres;

--
-- Name: homepage_sectioncontent_id_seq; Type: SEQUENCE; Schema: public; Owner: postgres
--

ALTER TABLE public.homepage_sectioncontent ALTER COLUMN id ADD GENERATED BY DEFAULT AS IDENTITY (
    SEQUENCE NAME public.homepage_sectioncontent_id_seq
    START WITH 1
    INCREMENT BY 1
    NO MINVALUE
    NO MAXVALUE
    CACHE 1
);


--
-- Name: homepage_testimonialsection; Type: TABLE; Schema: public; Owner: postgres
--

CREATE TABLE public.homepage_testimonialsection (
    pagesection_ptr_id bigint NOT NULL,
    heading character varying(255) NOT NULL,
    subheading text
);


ALTER TABLE public.homepage_testimonialsection OWNER TO postgres;

--
-- Name: homepage_whychooseussection; Type: TABLE; Schema: public; Owner: postgres
--

CREATE TABLE public.homepage_whychooseussection (
    pagesection_ptr_id bigint NOT NULL,
    heading character varying(255) NOT NULL,
    subheading text
);


ALTER TABLE public.homepage_whychooseussection OWNER TO postgres;

--
-- Name: internships_pagesection; Type: TABLE; Schema: public; Owner: postgres
--

CREATE TABLE public.internships_pagesection (
    id bigint NOT NULL,
    section_type character varying(50) NOT NULL,
    "order" integer NOT NULL,
    is_active boolean NOT NULL,
    super_heading character varying(200),
    heading character varying(255),
    highlighted_heading character varying(255),
    subheading text,
    background_image character varying(100),
    primary_image character varying(100),
    overlay_title character varying(200),
    overlay_description text,
    primary_button_text character varying(50),
    primary_button_url character varying(200),
    secondary_button_text character varying(50),
    secondary_button_url character varying(200),
    CONSTRAINT internships_pagesection_order_check CHECK (("order" >= 0))
);


ALTER TABLE public.internships_pagesection OWNER TO postgres;

--
-- Name: internships_pagesection_id_seq; Type: SEQUENCE; Schema: public; Owner: postgres
--

ALTER TABLE public.internships_pagesection ALTER COLUMN id ADD GENERATED BY DEFAULT AS IDENTITY (
    SEQUENCE NAME public.internships_pagesection_id_seq
    START WITH 1
    INCREMENT BY 1
    NO MINVALUE
    NO MAXVALUE
    CACHE 1
);


--
-- Name: internships_sectioncontent; Type: TABLE; Schema: public; Owner: postgres
--

CREATE TABLE public.internships_sectioncontent (
    id bigint NOT NULL,
    "order" integer NOT NULL,
    is_active boolean NOT NULL,
    icon character varying(100),
    label character varying(100),
    title character varying(200),
    description text,
    brochures character varying(100),
    tags character varying(255),
    primary_button_text character varying(50),
    primary_button_url character varying(200),
    question character varying(500),
    answer character varying(500),
    section_id bigint NOT NULL,
    CONSTRAINT internships_sectioncontent_order_check CHECK (("order" >= 0))
);


ALTER TABLE public.internships_sectioncontent OWNER TO postgres;

--
-- Name: internships_sectioncontent_id_seq; Type: SEQUENCE; Schema: public; Owner: postgres
--

ALTER TABLE public.internships_sectioncontent ALTER COLUMN id ADD GENERATED BY DEFAULT AS IDENTITY (
    SEQUENCE NAME public.internships_sectioncontent_id_seq
    START WITH 1
    INCREMENT BY 1
    NO MINVALUE
    NO MAXVALUE
    CACHE 1
);


--
-- Name: portfolio_pagesection; Type: TABLE; Schema: public; Owner: postgres
--

CREATE TABLE public.portfolio_pagesection (
    id bigint NOT NULL,
    section_type character varying(50) NOT NULL,
    "order" integer NOT NULL,
    is_active boolean NOT NULL,
    super_heading character varying(200),
    heading character varying(255),
    subheading text,
    overview_text character varying(100),
    background_image character varying(100),
    primary_image character varying(100),
    primary_button_text character varying(50),
    primary_button_url character varying(200),
    secondary_button_text character varying(50),
    secondary_button_url character varying(200),
    CONSTRAINT portfolio_pagesection_order_check CHECK (("order" >= 0))
);


ALTER TABLE public.portfolio_pagesection OWNER TO postgres;

--
-- Name: portfolio_pagesection_id_seq; Type: SEQUENCE; Schema: public; Owner: postgres
--

ALTER TABLE public.portfolio_pagesection ALTER COLUMN id ADD GENERATED BY DEFAULT AS IDENTITY (
    SEQUENCE NAME public.portfolio_pagesection_id_seq
    START WITH 1
    INCREMENT BY 1
    NO MINVALUE
    NO MAXVALUE
    CACHE 1
);


--
-- Name: portfolio_sectioncontent; Type: TABLE; Schema: public; Owner: postgres
--

CREATE TABLE public.portfolio_sectioncontent (
    id bigint NOT NULL,
    "order" integer NOT NULL,
    is_active boolean NOT NULL,
    label character varying(100),
    title character varying(200),
    description text,
    text character varying(255),
    question character varying(255),
    answer text,
    primary_button_text character varying(50),
    primary_button_url character varying(200),
    secondary_button_text character varying(50),
    secondary_button_url character varying(200),
    icon character varying(100),
    section_id bigint NOT NULL,
    CONSTRAINT portfolio_sectioncontent_order_check CHECK (("order" >= 0))
);


ALTER TABLE public.portfolio_sectioncontent OWNER TO postgres;

--
-- Name: portfolio_sectioncontent_id_seq; Type: SEQUENCE; Schema: public; Owner: postgres
--

ALTER TABLE public.portfolio_sectioncontent ALTER COLUMN id ADD GENERATED BY DEFAULT AS IDENTITY (
    SEQUENCE NAME public.portfolio_sectioncontent_id_seq
    START WITH 1
    INCREMENT BY 1
    NO MINVALUE
    NO MAXVALUE
    CACHE 1
);


--
-- Name: services_pagesection; Type: TABLE; Schema: public; Owner: postgres
--

CREATE TABLE public.services_pagesection (
    id bigint NOT NULL,
    section_type character varying(50) NOT NULL,
    "order" integer NOT NULL,
    is_active boolean NOT NULL,
    super_heading character varying(200),
    heading character varying(255),
    highlighted_heading_text character varying(100),
    subheading text,
    primary_image character varying(100),
    background_image character varying(100),
    primary_button_text character varying(50),
    primary_button_url character varying(200),
    secondary_button_text character varying(50),
    secondary_button_url character varying(200),
    submenu_id bigint NOT NULL,
    CONSTRAINT services_pagesection_order_check CHECK (("order" >= 0))
);


ALTER TABLE public.services_pagesection OWNER TO postgres;

--
-- Name: services_pagesection_id_seq; Type: SEQUENCE; Schema: public; Owner: postgres
--

ALTER TABLE public.services_pagesection ALTER COLUMN id ADD GENERATED BY DEFAULT AS IDENTITY (
    SEQUENCE NAME public.services_pagesection_id_seq
    START WITH 1
    INCREMENT BY 1
    NO MINVALUE
    NO MAXVALUE
    CACHE 1
);


--
-- Name: services_sectioncontent; Type: TABLE; Schema: public; Owner: postgres
--

CREATE TABLE public.services_sectioncontent (
    id bigint NOT NULL,
    category character varying(50) NOT NULL,
    "order" integer NOT NULL,
    is_active boolean NOT NULL,
    icon character varying(100),
    title character varying(200),
    description text,
    tags text,
    label character varying(255),
    section_id bigint NOT NULL,
    CONSTRAINT services_sectioncontent_order_check CHECK (("order" >= 0))
);


ALTER TABLE public.services_sectioncontent OWNER TO postgres;

--
-- Name: services_sectioncontent_id_seq; Type: SEQUENCE; Schema: public; Owner: postgres
--

ALTER TABLE public.services_sectioncontent ALTER COLUMN id ADD GENERATED BY DEFAULT AS IDENTITY (
    SEQUENCE NAME public.services_sectioncontent_id_seq
    START WITH 1
    INCREMENT BY 1
    NO MINVALUE
    NO MAXVALUE
    CACHE 1
);


--
-- Name: training_pagesection; Type: TABLE; Schema: public; Owner: postgres
--

CREATE TABLE public.training_pagesection (
    id bigint NOT NULL,
    section_type character varying(50) NOT NULL,
    "order" integer NOT NULL,
    is_active boolean NOT NULL,
    super_heading character varying(200),
    heading character varying(255),
    highlighted_heading character varying(255),
    subheading text,
    order_level integer,
    background_image character varying(100),
    primary_image character varying(100),
    overlay_title character varying(200),
    overlay_description text,
    primary_button_text character varying(50),
    primary_button_url character varying(200),
    secondary_button_text character varying(50),
    secondary_button_url character varying(200),
    submenu_id bigint,
    CONSTRAINT training_pagesection_order_check CHECK (("order" >= 0)),
    CONSTRAINT training_pagesection_order_level_check CHECK ((order_level >= 0))
);


ALTER TABLE public.training_pagesection OWNER TO postgres;

--
-- Name: training_pagesection_id_seq; Type: SEQUENCE; Schema: public; Owner: postgres
--

ALTER TABLE public.training_pagesection ALTER COLUMN id ADD GENERATED BY DEFAULT AS IDENTITY (
    SEQUENCE NAME public.training_pagesection_id_seq
    START WITH 1
    INCREMENT BY 1
    NO MINVALUE
    NO MAXVALUE
    CACHE 1
);


--
-- Name: training_sectioncontent; Type: TABLE; Schema: public; Owner: postgres
--

CREATE TABLE public.training_sectioncontent (
    id bigint NOT NULL,
    "order" integer NOT NULL,
    is_active boolean NOT NULL,
    icon character varying(100),
    label character varying(100),
    title character varying(200),
    description text,
    brochures character varying(100),
    tags character varying(255),
    primary_button_text character varying(50),
    primary_button_url character varying(200),
    linkedin_url character varying(200),
    twitter_url character varying(200),
    other_social_url character varying(200),
    question character varying(500),
    answer character varying(500),
    section_id bigint NOT NULL,
    CONSTRAINT training_sectioncontent_order_check CHECK (("order" >= 0))
);


ALTER TABLE public.training_sectioncontent OWNER TO postgres;

--
-- Name: training_sectioncontent_id_seq; Type: SEQUENCE; Schema: public; Owner: postgres
--

ALTER TABLE public.training_sectioncontent ALTER COLUMN id ADD GENERATED BY DEFAULT AS IDENTITY (
    SEQUENCE NAME public.training_sectioncontent_id_seq
    START WITH 1
    INCREMENT BY 1
    NO MINVALUE
    NO MAXVALUE
    CACHE 1
);


--
-- Data for Name: aboutus_pagesection; Type: TABLE DATA; Schema: public; Owner: postgres
--

COPY public.aboutus_pagesection (id, section_type, "order", is_active, super_heading, heading, subheading, overview_text, background_image, primary_image, primary_button_text, primary_button_url, secondary_button_text, secondary_button_url) FROM stdin;
\.


--
-- Data for Name: aboutus_sectioncontent; Type: TABLE DATA; Schema: public; Owner: postgres
--

COPY public.aboutus_sectioncontent (id, "order", is_active, label, title, description, text, question, answer, primary_button_text, primary_button_url, secondary_button_text, secondary_button_url, image, person_name, person_role, linkedin_url, twitter_url, facebook_url, instagram_url, section_id) FROM stdin;
\.


--
-- Data for Name: auth_group; Type: TABLE DATA; Schema: public; Owner: postgres
--

COPY public.auth_group (id, name) FROM stdin;
\.


--
-- Data for Name: auth_group_permissions; Type: TABLE DATA; Schema: public; Owner: postgres
--

COPY public.auth_group_permissions (id, group_id, permission_id) FROM stdin;
\.


--
-- Data for Name: auth_permission; Type: TABLE DATA; Schema: public; Owner: postgres
--

COPY public.auth_permission (id, name, content_type_id, codename) FROM stdin;
1	Can add log entry	1	add_logentry
2	Can change log entry	1	change_logentry
3	Can delete log entry	1	delete_logentry
4	Can view log entry	1	view_logentry
5	Can add permission	2	add_permission
6	Can change permission	2	change_permission
7	Can delete permission	2	delete_permission
8	Can view permission	2	view_permission
9	Can add group	3	add_group
10	Can change group	3	change_group
11	Can delete group	3	delete_group
12	Can view group	3	view_group
13	Can add user	4	add_user
14	Can change user	4	change_user
15	Can delete user	4	delete_user
16	Can view user	4	view_user
17	Can add content type	5	add_contenttype
18	Can change content type	5	change_contenttype
19	Can delete content type	5	delete_contenttype
20	Can view content type	5	view_contenttype
21	Can add session	6	add_session
22	Can change session	6	change_session
23	Can delete session	6	delete_session
24	Can view session	6	view_session
25	Can add menu	7	add_menu
26	Can change menu	7	change_menu
27	Can delete menu	7	delete_menu
28	Can view menu	7	view_menu
29	Can add footer	8	add_footer
30	Can change footer	8	change_footer
31	Can delete footer	8	delete_footer
32	Can view footer	8	view_footer
33	Can add quick link	9	add_quicklink
34	Can change quick link	9	change_quicklink
35	Can delete quick link	9	delete_quicklink
36	Can view quick link	9	view_quicklink
37	Can add footer text	10	add_footertext
38	Can change footer text	10	change_footertext
39	Can delete footer text	10	delete_footertext
40	Can view footer text	10	view_footertext
41	Can add page section	11	add_pagesection
42	Can change page section	11	change_pagesection
43	Can delete page section	11	delete_pagesection
44	Can view page section	11	view_pagesection
45	Can add section content	12	add_sectioncontent
46	Can change section content	12	change_sectioncontent
47	Can delete section content	12	delete_sectioncontent
48	Can view section content	12	view_sectioncontent
49	Can add category	13	add_category
50	Can change category	13	change_category
51	Can delete category	13	delete_category
52	Can view category	13	view_category
53	Can add page section	14	add_pagesection
54	Can change page section	14	change_pagesection
55	Can delete page section	14	delete_pagesection
56	Can view page section	14	view_pagesection
57	Can add section content	15	add_sectioncontent
58	Can change section content	15	change_sectioncontent
59	Can delete section content	15	delete_sectioncontent
60	Can view section content	15	view_sectioncontent
61	Can add album photo	16	add_albumphoto
62	Can change album photo	16	change_albumphoto
63	Can delete album photo	16	delete_albumphoto
64	Can view album photo	16	view_albumphoto
65	Can add page section	17	add_pagesection
66	Can change page section	17	change_pagesection
67	Can delete page section	17	delete_pagesection
68	Can view page section	17	view_pagesection
69	Can add section content	18	add_sectioncontent
70	Can change section content	18	change_sectioncontent
71	Can delete section content	18	delete_sectioncontent
72	Can view section content	18	view_sectioncontent
73	Can add page section	19	add_pagesection
74	Can change page section	19	change_pagesection
75	Can delete page section	19	delete_pagesection
76	Can view page section	19	view_pagesection
77	Can add section content	20	add_sectioncontent
78	Can change section content	20	change_sectioncontent
79	Can delete section content	20	delete_sectioncontent
80	Can view section content	20	view_sectioncontent
81	Can add page section	21	add_pagesection
82	Can change page section	21	change_pagesection
83	Can delete page section	21	delete_pagesection
84	Can view page section	21	view_pagesection
85	Can add section content	22	add_sectioncontent
86	Can change section content	22	change_sectioncontent
87	Can delete section content	22	delete_sectioncontent
88	Can view section content	22	view_sectioncontent
89	Can add company profile	23	add_companyprofile
90	Can change company profile	23	change_companyprofile
91	Can delete company profile	23	delete_companyprofile
92	Can view company profile	23	view_companyprofile
93	Can add contact info	24	add_contactinfo
94	Can change contact info	24	change_contactinfo
95	Can delete contact info	24	delete_contactinfo
96	Can view contact info	24	view_contactinfo
97	Can add contact message	25	add_contactmessage
98	Can change contact message	25	change_contactmessage
99	Can delete contact message	25	delete_contactmessage
100	Can view contact message	25	view_contactmessage
101	Can add footer subscription	26	add_footersubscription
102	Can change footer subscription	26	change_footersubscription
103	Can delete footer subscription	26	delete_footersubscription
104	Can view footer subscription	26	view_footersubscription
105	Can add social link	27	add_sociallink
106	Can change social link	27	change_sociallink
107	Can delete social link	27	delete_sociallink
108	Can view social link	27	view_sociallink
109	Can add footer item	28	add_footeritem
110	Can change footer item	28	change_footeritem
111	Can delete footer item	28	delete_footeritem
112	Can view footer item	28	view_footeritem
113	Can add footer section	29	add_footersection
114	Can change footer section	29	change_footersection
115	Can delete footer section	29	delete_footersection
116	Can view footer section	29	view_footersection
117	Can add sub menu	30	add_submenu
118	Can change sub menu	30	change_submenu
119	Can delete sub menu	30	delete_submenu
120	Can view sub menu	30	view_submenu
121	Can add page section	31	add_pagesection
122	Can change page section	31	change_pagesection
123	Can delete page section	31	delete_pagesection
124	Can view page section	31	view_pagesection
125	Can add section content	32	add_sectioncontent
126	Can change section content	32	change_sectioncontent
127	Can delete section content	32	delete_sectioncontent
128	Can view section content	32	view_sectioncontent
129	Can add section content	33	add_sectioncontent
130	Can change section content	33	change_sectioncontent
131	Can delete section content	33	delete_sectioncontent
132	Can view section content	33	view_sectioncontent
133	Can add page section	34	add_pagesection
134	Can change page section	34	change_pagesection
135	Can delete page section	34	delete_pagesection
136	Can view page section	34	view_pagesection
137	Can add section content	35	add_sectioncontent
138	Can change section content	35	change_sectioncontent
139	Can delete section content	35	delete_sectioncontent
140	Can view section content	35	view_sectioncontent
141	Can add page section	36	add_pagesection
142	Can change page section	36	change_pagesection
143	Can delete page section	36	delete_pagesection
144	Can view page section	36	view_pagesection
145	Can add announcement	37	add_announcement
146	Can change announcement	37	change_announcement
147	Can delete announcement	37	delete_announcement
148	Can view announcement	37	view_announcement
149	Can add site statistic	38	add_sitestatistic
150	Can change site statistic	38	change_sitestatistic
151	Can delete site statistic	38	delete_sitestatistic
152	Can view site statistic	38	view_sitestatistic
153	Can add contact us section	39	add_contactussection
154	Can change contact us section	39	change_contactussection
155	Can delete contact us section	39	delete_contactussection
156	Can view contact us section	39	view_contactussection
157	Can add faq section	40	add_faqsection
158	Can change faq section	40	change_faqsection
159	Can delete faq section	40	delete_faqsection
160	Can view faq section	40	view_faqsection
161	Can add our services section	41	add_ourservicessection
162	Can change our services section	41	change_ourservicessection
163	Can delete our services section	41	delete_ourservicessection
164	Can view our services section	41	view_ourservicessection
165	Can add placement section	42	add_placementsection
166	Can change placement section	42	change_placementsection
167	Can delete placement section	42	delete_placementsection
168	Can view placement section	42	view_placementsection
169	Can add testimonial section	43	add_testimonialsection
170	Can change testimonial section	43	change_testimonialsection
171	Can delete testimonial section	43	delete_testimonialsection
172	Can view testimonial section	43	view_testimonialsection
173	Can add why choose us section	44	add_whychooseussection
174	Can change why choose us section	44	change_whychooseussection
175	Can delete why choose us section	44	delete_whychooseussection
176	Can view why choose us section	44	view_whychooseussection
177	Can add cta section	45	add_ctasection
178	Can change cta section	45	change_ctasection
179	Can delete cta section	45	delete_ctasection
180	Can view cta section	45	view_ctasection
181	Can add hero section	46	add_herosection
182	Can change hero section	46	change_herosection
183	Can delete hero section	46	delete_herosection
184	Can view hero section	46	view_herosection
185	Can add overview section	47	add_overviewsection
186	Can change overview section	47	change_overviewsection
187	Can delete overview section	47	delete_overviewsection
188	Can view overview section	47	view_overviewsection
\.


--
-- Data for Name: auth_user; Type: TABLE DATA; Schema: public; Owner: postgres
--

COPY public.auth_user (id, password, last_login, is_superuser, username, first_name, last_name, email, is_staff, is_active, date_joined) FROM stdin;
1	pbkdf2_sha256$1000000$CdCFdqQNcDrKjsMfZy90Cc$rs6FTPJm0/MSYP9tbmnz2BIijeE93xbDW33fYwGXqNQ=	2026-05-04 05:36:44.643122+00	t	dipak			dipak@gmail.com	t	t	2026-04-17 19:23:50.364921+00
\.


--
-- Data for Name: auth_user_groups; Type: TABLE DATA; Schema: public; Owner: postgres
--

COPY public.auth_user_groups (id, user_id, group_id) FROM stdin;
\.


--
-- Data for Name: auth_user_user_permissions; Type: TABLE DATA; Schema: public; Owner: postgres
--

COPY public.auth_user_user_permissions (id, user_id, permission_id) FROM stdin;
\.


--
-- Data for Name: core_announcement; Type: TABLE DATA; Schema: public; Owner: postgres
--

COPY public.core_announcement (id, icon, text, "order", is_active) FROM stdin;
6	🎓	New PLC SCADA Batch Starting Soon - Limited Seats	1	t
7	🚀	Hands-on Training with Real Industrial Hardware	2	t
\.


--
-- Data for Name: core_companyprofile; Type: TABLE DATA; Schema: public; Owner: postgres
--

COPY public.core_companyprofile (id, name, tagline, description, logo, cover_image, email, phone, address, is_active, copyright_text, credits_text) FROM stdin;
1	Modern Institute of Automation	-	Nothing to show	company/logo/Logo_rectangle_page-0001-removebg-preview.webp		dipak@gmail.com	093702 18408	Flat no.5,second floor, Mayur complex pavananagar, Bijli Nagar Rd, Chinchwad Gaon, Chinchwad, pune, Pimpri-Chinchwad, Maharashtra 411033	t	\N	\N
\.


--
-- Data for Name: core_contactinfo; Type: TABLE DATA; Schema: public; Owner: postgres
--

COPY public.core_contactinfo (id, email, phone, address, working_hours) FROM stdin;
\.


--
-- Data for Name: core_contactmessage; Type: TABLE DATA; Schema: public; Owner: postgres
--

COPY public.core_contactmessage (id, full_name, email_address, phone_number, subject, message, submitted_at) FROM stdin;
\.


--
-- Data for Name: core_footeritem; Type: TABLE DATA; Schema: public; Owner: postgres
--

COPY public.core_footeritem (id, text, url, icon, "order", is_active, section_id) FROM stdin;
11	Our Story	/about		1	t	4
12	Student Success	/placements		2	t	4
13	News & Updates	/news		3	t	4
14	Siemens TIA Portal	/courses/siemens		1	t	5
15	Allen Bradley PLC	/courses/ab		2	t	5
16	Industry 4.0	/courses/iot		3	t	5
\.


--
-- Data for Name: core_footersection; Type: TABLE DATA; Schema: public; Owner: postgres
--

COPY public.core_footersection (id, title, "order", is_active) FROM stdin;
4	Explore MIA	1	t
5	Top Modules	2	t
\.


--
-- Data for Name: core_footersubscription; Type: TABLE DATA; Schema: public; Owner: postgres
--

COPY public.core_footersubscription (id, placeholder_text, button_text, is_active) FROM stdin;
\.


--
-- Data for Name: core_menu; Type: TABLE DATA; Schema: public; Owner: postgres
--

COPY public.core_menu (id, text, url, is_button, "order", is_active) FROM stdin;
13	Home	/	f	1	t
16	Placement Cell	#	f	4	t
17	Enroll Now	#	t	5	t
14	About	#	f	2	t
15	Specialized Courses	#	f	3	t
\.


--
-- Data for Name: core_sitestatistic; Type: TABLE DATA; Schema: public; Owner: postgres
--

COPY public.core_sitestatistic (id, icon, value, label, sub_label, "order", is_active) FROM stdin;
6	⭐	5.0	Google Rating	Top Rated Institute	1	t
7	📍	Pimpri	Location	Chinchwad	2	t
\.


--
-- Data for Name: core_sociallink; Type: TABLE DATA; Schema: public; Owner: postgres
--

COPY public.core_sociallink (id, platform, social_icon, social_link, is_active) FROM stdin;
4	Facebook	slider/facebook.webp	https://www.facebook.com/	t
3	WhatsApp	slider/whatsapp.webp	98765 43210	t
2	X	slider/twitter.webp	https://x.com/	t
1	Instagram	slider/instagram.webp	https://www.instagram.com/moderninstituteofautomation/	t
\.


--
-- Data for Name: core_submenu; Type: TABLE DATA; Schema: public; Owner: postgres
--

COPY public.core_submenu (id, text, url, "order", is_active, slug, menu_id) FROM stdin;
9	PLC & SCADA Training	#	1	t	plc-scada-training	15
10	Industrial Robotics	#	2	t	industrial-robotics	15
11	EPLAN Designing	#	3	t	eplan-designing	15
\.


--
-- Data for Name: django_admin_log; Type: TABLE DATA; Schema: public; Owner: postgres
--

COPY public.django_admin_log (id, action_time, object_id, object_repr, action_flag, change_message, content_type_id, user_id) FROM stdin;
1	2026-04-17 19:38:43.6293+00	1	Modern Institute of Automation	1	[{"added": {}}]	23	1
2	2026-04-17 19:45:02.134277+00	1	Hero Banner for None	1	[{"added": {}}]	31	1
3	2026-04-17 19:48:24.455976+00	1	Home	1	[{"added": {}}]	7	1
4	2026-04-17 19:49:02.994027+00	2	Services	1	[{"added": {}}, {"added": {"name": "sub menu", "object": "Services -> Industrial Automation (PLC-SCADA)"}}, {"added": {"name": "sub menu", "object": "Services -> EPLAN Designing"}}, {"added": {"name": "sub menu", "object": "Services -> Advanced Modules"}}]	7	1
5	2026-04-17 19:49:35.240603+00	3	Enroll Now	1	[{"added": {}}]	7	1
6	2026-04-17 19:56:00.021865+00	1	Hero Banner for None	2	[{"changed": {"fields": ["Label", "Super heading"]}}]	31	1
7	2026-04-17 19:57:25.265986+00	1	Hero Banner for None	2	[{"changed": {"fields": ["Super heading", "Subheading"]}}]	31	1
8	2026-04-17 19:58:46.589671+00	1	Hero Banner for None	2	[{"changed": {"fields": ["Background image"]}}]	31	1
9	2026-04-17 20:04:49.297254+00	3	Overview for None	1	[{"added": {}}, {"added": {"name": "section content", "object": "Hands-on Practical Lab"}}, {"added": {"name": "section content", "object": "Live Industrial Case Studies"}}]	31	1
10	2026-04-17 20:05:39.945863+00	3	Overview for None	2	[{"changed": {"name": "section content", "object": "Hands-on Practical Lab", "fields": ["Label"]}}, {"changed": {"name": "section content", "object": "Live Industrial Case Studies", "fields": ["Label"]}}]	31	1
11	2026-04-17 20:07:15.774759+00	3	Overview for None	2	[{"changed": {"fields": ["Background image", "Primary image"]}}]	31	1
12	2026-04-17 20:23:58.004813+00	3	Overview for None	2	[{"changed": {"fields": ["Background image", "Primary image"]}}]	31	1
13	2026-04-17 20:24:19.707309+00	1	Modern Institute of Automation	2	[{"changed": {"fields": ["Logo"]}}]	23	1
14	2026-04-17 20:36:47.092415+00	3	Overview for None	2	[{"changed": {"fields": ["Primary button text", "Primary button url", "Secondary button text", "Secondary button url"]}}, {"changed": {"name": "section content", "object": "Hands-on Practical Lab", "fields": ["Description", "Text", "Question", "Answer", "Order"]}}]	31	1
15	2026-04-17 20:37:25.429263+00	3	Overview for None	2	[{"changed": {"name": "section content", "object": "Content Item #3", "fields": ["Label", "Title", "Question", "Answer"]}}]	31	1
16	2026-04-17 20:38:08.325266+00	3	Overview for None	2	[{"added": {"name": "section content", "object": "Content Item #5"}}, {"added": {"name": "section content", "object": "Content Item #6"}}, {"changed": {"name": "section content", "object": "Content Item #4", "fields": ["Label", "Title", "Description"]}}]	31	1
17	2026-04-17 20:38:55.640299+00	3	Overview for None	2	[{"changed": {"name": "section content", "object": "Content Item #4", "fields": ["Description", "Text"]}}, {"changed": {"name": "section content", "object": "Content Item #3", "fields": ["Description"]}}, {"changed": {"name": "section content", "object": "Content Item #5", "fields": ["Description", "Text"]}}, {"changed": {"name": "section content", "object": "Content Item #6", "fields": ["Description", "Text"]}}]	31	1
18	2026-04-17 20:39:26.079428+00	1	Hero Banner for None	2	[{"changed": {"fields": ["Background image"]}}]	31	1
19	2026-04-17 20:39:59.829752+00	1	Hero Banner for None	2	[{"added": {"name": "section content", "object": "Active Users"}}]	31	1
20	2026-04-17 20:40:53.144235+00	1	Hero Banner for None	2	[{"added": {"name": "section content", "object": "Content Item #8"}}, {"added": {"name": "section content", "object": "Active Users"}}, {"added": {"name": "section content", "object": "Active Users"}}, {"added": {"name": "section content", "object": "Active Users"}}]	31	1
21	2026-04-17 20:41:47.508683+00	4	About	1	[{"added": {}}]	7	1
22	2026-04-17 20:41:56.618706+00	5	Contact	1	[{"added": {}}]	7	1
23	2026-04-17 20:42:13.511482+00	6	Placement	1	[{"added": {}}]	7	1
24	2026-04-17 20:42:46.3793+00	7	Gallery	1	[{"added": {}}, {"added": {"name": "sub menu", "object": "Gallery -> Videos Gallery"}}, {"added": {"name": "sub menu", "object": "Gallery -> Photos Gallery"}}]	7	1
25	2026-04-17 20:43:10.412462+00	7	Gallery	2	[{"changed": {"fields": ["Order"]}}]	7	1
26	2026-04-17 20:50:08.83122+00	4	Why Choose Us for Overview for None	1	[{"added": {}}, {"added": {"name": "section content", "object": "Hands-on Practical Training"}}]	31	1
27	2026-04-17 20:51:06.443+00	4	Why Choose Us for Overview for None	2	[{"changed": {"fields": ["Background image"]}}]	31	1
28	2026-04-17 20:51:35.474555+00	4	Why Choose Us for Overview for None	2	[{"changed": {"name": "section content", "object": "Hands-on Practical Training", "fields": ["Icon"]}}]	31	1
29	2026-04-17 20:52:31.091275+00	4	Why Choose Us for Overview for None	2	[{"added": {"name": "section content", "object": "Live Industrial Case Studies"}}, {"changed": {"name": "section content", "object": "Hands-on Practical Training", "fields": ["Icon"]}}]	31	1
30	2026-04-17 20:57:09.729479+00	4	Why Choose Us for Overview for None	2	[{"added": {"name": "section content", "object": "Placement & Career Support"}}]	31	1
31	2026-04-17 21:01:06.215458+00	5	Frequently Asked Questions for None	1	[{"added": {}}, {"added": {"name": "section content", "object": "What services do you offer?"}}, {"added": {"name": "section content", "object": "What services do you offer?"}}]	31	1
32	2026-04-17 21:02:49.574281+00	5	Frequently Asked Questions for None	2	[{"changed": {"fields": ["Super heading", "Heading"]}}, {"changed": {"name": "section content", "object": "What services do you offer?", "fields": ["Title", "Description", "Question", "Answer"]}}, {"changed": {"name": "section content", "object": "What services do you offer?", "fields": ["Title", "Description", "Question", "Answer"]}}]	31	1
33	2026-04-17 21:06:31.389648+00	6	Call To Action for None	1	[{"added": {}}]	31	1
34	2026-04-17 21:39:08.98651+00	1	Hero Banner for None	2	[{"deleted": {"name": "section content", "object": "Content Item #None"}}]	31	1
35	2026-04-18 11:57:33.00496+00	7	Key Achivements for None	1	[{"added": {}}, {"added": {"name": "section content", "object": "Mr. Gajanan Fakirji Bulbule"}}]	31	1
36	2026-04-18 11:58:29.823385+00	7	Key Achivements for None	2	[{"added": {"name": "section content", "object": "Mr. Gajanan Fakirji Bulbule"}}]	31	1
37	2026-04-18 12:07:50.346139+00	7	Key Achivements for None	2	[{"changed": {"name": "section content", "object": "Mr. Gajanan Fakirji Bulbule", "fields": ["Icon"]}}]	31	1
38	2026-04-18 12:11:22.197306+00	7	Key Achivements for None	2	[{"added": {"name": "section content", "object": "Mr. Dipak Gaikwad"}}]	31	1
39	2026-04-18 12:16:27.223029+00	7	Key Achivements for None	2	[{"added": {"name": "section content", "object": "Mr. Chetan Dahake"}}]	31	1
40	2026-04-18 12:17:25.327144+00	7	Key Achivements for None	2	[{"changed": {"name": "section content", "object": "Mr. Dipak Gaikwad", "fields": ["Icon"]}}]	31	1
41	2026-04-18 12:27:33.865085+00	1	Company	1	[{"added": {}}, {"added": {"name": "footer item", "object": "Company -> Careers"}}, {"added": {"name": "footer item", "object": "Company -> Contact Us"}}, {"added": {"name": "footer item", "object": "Company -> Community"}}, {"added": {"name": "footer item", "object": "Company -> Blogs"}}]	29	1
42	2026-04-18 12:30:26.583915+00	1	Instagram	1	[{"added": {}}]	27	1
43	2026-04-18 18:35:27.183226+00	8	Testimonials Slider for None	1	[{"added": {}}, {"added": {"name": "section content", "object": "Exceptional Service!"}}, {"added": {"name": "section content", "object": "Efficient and Reliable"}}]	31	1
44	2026-04-18 18:35:57.96391+00	8	Testimonials Slider for None	2	[{"changed": {"fields": ["Heading", "Subheading"]}}]	31	1
45	2026-04-19 16:14:15.741941+00	8	Testimonials Slider for None	2	[{"added": {"name": "section content", "object": "Trust & Reliability"}}]	31	1
46	2026-04-19 16:24:49.185248+00	9	Contact Us for None	1	[{"added": {}}, {"added": {"name": "section content", "object": "For general inquiries"}}, {"added": {"name": "section content", "object": "Mon-Fri from 9am to 6pm"}}, {"added": {"name": "section content", "object": "Visit our headquarters"}}]	31	1
47	2026-04-20 16:31:16.357918+00	1	Hero Banner - aaaaaaaaa	2	[{"changed": {"fields": ["Background image"]}}]	31	1
48	2026-04-20 16:35:14.285263+00	1	Hero Banner - aaaaaaaaa	2	[{"changed": {"fields": ["Background image"]}}]	31	1
49	2026-04-20 16:36:07.116615+00	3	Overview - Industry-Focused Automation Training for Future Engineers	2	[{"changed": {"fields": ["Background image", "Primary image"]}}]	31	1
50	2026-04-21 08:50:22.589687+00	1	Hero Banner - aaaaaaaaa	2	[{"changed": {"fields": ["Background image"]}}]	31	1
51	2026-04-21 08:50:45.881766+00	3	Overview - Industry-Focused Automation Training for Future Engineers	2	[{"changed": {"fields": ["Background image", "Primary image"]}}]	31	1
52	2026-04-21 08:52:36.844658+00	1	Modern Institute of Automation	2	[{"changed": {"fields": ["Logo"]}}]	23	1
53	2026-04-21 08:58:07.383058+00	1	Hero Banner - aaaaaaaaa	2	[{"changed": {"fields": ["Background image"]}}]	31	1
54	2026-04-21 08:58:51.668662+00	1	Hero Banner - aaaaaaaaa	2	[{"changed": {"fields": ["Secondary button text", "Secondary button url"]}}]	31	1
55	2026-04-21 09:25:15.616719+00	1	Hero Banner - aaaaaaaaa	2	[{"changed": {"fields": ["Background image"]}}]	31	1
56	2026-04-21 09:25:35.837761+00	3	Overview - Industry-Focused Automation Training for Future Engineers	2	[{"changed": {"fields": ["Background image", "Primary image"]}}]	31	1
57	2026-04-21 09:54:48.449176+00	1	Instagram	2	[{"changed": {"fields": ["Social icon"]}}]	27	1
58	2026-04-21 09:57:20.444284+00	4	Why Choose Us - Why Choose Us?	2	[{"changed": {"fields": ["Background image", "Primary image"]}}]	31	1
59	2026-04-21 10:01:54.378571+00	1	Modern Institute of Automation	2	[{"changed": {"fields": ["Logo"]}}]	23	1
60	2026-04-21 10:04:09.838088+00	1	Hero Banner - aaaaaaaaa	2	[{"changed": {"fields": ["Background image"]}}]	31	1
61	2026-04-21 10:13:26.597269+00	1	Instagram	2	[{"changed": {"fields": ["Social icon"]}}]	27	1
62	2026-04-22 07:27:33.824331+00	6	Call To Action - Call Us Now	2	[{"changed": {"fields": ["Heading", "Subheading", "Overview text", "Secondary button text", "Secondary button url"]}}]	31	1
63	2026-04-22 07:55:07.61996+00	2	X	1	[{"added": {}}]	27	1
64	2026-04-22 07:56:24.150468+00	3	Whatspp	1	[{"added": {}}]	27	1
65	2026-04-22 07:56:32.322868+00	3	Whatspp	2	[{"changed": {"fields": ["Social icon"]}}]	27	1
66	2026-04-22 07:57:12.714108+00	3	WhatsApp	2	[{"changed": {"fields": ["Platform"]}}]	27	1
67	2026-04-22 07:57:48.820313+00	4	Facebook	1	[{"added": {}}]	27	1
68	2026-04-22 08:11:00.261052+00	4	Why Choose Us - Why Choose Us?	2	[{"changed": {"fields": ["Background image", "Primary image"]}}, {"changed": {"name": "section content", "object": "Hands-on Practical Training", "fields": ["Icon"]}}]	31	1
69	2026-04-22 08:12:44.109679+00	4	Why Choose Us - Why Choose Us?	2	[{"changed": {"name": "section content", "object": "Live Industrial Case Studies", "fields": ["Icon"]}}, {"changed": {"name": "section content", "object": "Placement & Career Support", "fields": ["Icon"]}}]	31	1
70	2026-04-22 08:15:34.972886+00	1	Modern Institute of Automation	2	[{"changed": {"fields": ["Logo"]}}]	23	1
71	2026-04-22 09:33:25.009682+00	10	HeroSection: Homepage Hero Section	1	[{"added": {}}, {"added": {"name": "section content", "object": "Active Users"}}]	46	1
72	2026-04-22 12:13:28.743277+00	2	Hero Banner - Homepage Hero Header	2	[{"changed": {"fields": ["Background image"]}}]	31	1
73	2026-04-22 12:14:05.067442+00	3	Overview - Bridging the Gap Between College and Industry	2	[{"changed": {"fields": ["Background image", "Primary image"]}}]	31	1
74	2026-04-22 12:14:55.373171+00	6	Our Placed Students - MIA Pride: Recent Placements	2	[{"added": {"name": "section content", "object": "Item #19"}}, {"changed": {"name": "section content", "object": "Aditya Deshmukh", "fields": ["Icon"]}}, {"changed": {"name": "section content", "object": "Priya Sharma", "fields": ["Icon"]}}]	31	1
75	2026-04-22 12:15:48.001705+00	4	Why Choose Us - Why Aspiring Automation Engineers Trust Us	2	[{"changed": {"name": "section content", "object": "Expert Mentors", "fields": ["Icon"]}}, {"changed": {"name": "section content", "object": "Job Guarantee", "fields": ["Icon"]}}, {"changed": {"name": "section content", "object": "Flexible Timing", "fields": ["Icon"]}}]	31	1
76	2026-04-22 12:16:37.431839+00	1	Modern Institute of Automation	2	[{"changed": {"fields": ["Logo"]}}]	23	1
77	2026-04-22 12:17:43.525308+00	4	Facebook	2	[{"changed": {"fields": ["Social icon"]}}]	27	1
78	2026-04-22 12:17:50.768242+00	3	WhatsApp	2	[{"changed": {"fields": ["Social icon"]}}]	27	1
79	2026-04-22 12:17:59.268745+00	2	X	2	[{"changed": {"fields": ["Social icon"]}}]	27	1
80	2026-04-22 12:18:08.138841+00	1	Instagram	2	[{"changed": {"fields": ["Social icon"]}}]	27	1
81	2026-04-22 12:24:13.403007+00	14	Who We Are	2	[{"changed": {"fields": ["Url"]}}]	7	1
82	2026-04-22 12:24:24.424892+00	15	Specialized Courses	2	[{"changed": {"fields": ["Url"]}}, {"changed": {"name": "sub menu", "object": "Specialized Courses -> PLC & SCADA Training", "fields": ["Url"]}}, {"changed": {"name": "sub menu", "object": "Specialized Courses -> Industrial Robotics", "fields": ["Url"]}}, {"changed": {"name": "sub menu", "object": "Specialized Courses -> EPLAN Designing", "fields": ["Url"]}}]	7	1
83	2026-04-22 12:24:30.914208+00	16	Placement Cell	2	[{"changed": {"fields": ["Url"]}}]	7	1
84	2026-04-22 12:24:36.899745+00	17	Enroll Now	2	[{"changed": {"fields": ["Url"]}}]	7	1
85	2026-04-22 12:25:06.549516+00	14	About	2	[{"changed": {"fields": ["Text"]}}]	7	1
86	2026-04-22 12:25:16.848382+00	15	Specialized Courses	2	[]	7	1
87	2026-04-22 12:26:48.886158+00	9	Contact Us - Speak with Our Career Experts	2	[{"changed": {"fields": ["Super heading"]}}]	31	1
88	2026-05-04 03:32:39.923692+00	2	Hero Banner - Homepage Hero Header	2	[{"changed": {"fields": ["Super heading", "Heading", "Subheading", "Secondary button text"]}}, {"added": {"name": "section content", "object": "Practical Training"}}, {"added": {"name": "section content", "object": "Industrial Software"}}]	31	1
89	2026-05-04 03:33:19.8941+00	6	New PLC SCADA Batch Starting Soon - Limited Seats	2	[{"changed": {"fields": ["Text"]}}]	37	1
90	2026-05-04 03:33:32.302324+00	7	Hands-on Training with Real Industrial Hardware	2	[{"changed": {"fields": ["Text"]}}]	37	1
91	2026-05-04 03:34:11.410782+00	6	Google Rating 5.0	2	[{"changed": {"fields": ["Value", "Label", "Sub label"]}}]	38	1
92	2026-05-04 03:34:34.652549+00	7	Location Pune	2	[{"changed": {"fields": ["Icon", "Value", "Label", "Sub label"]}}]	38	1
93	2026-05-04 03:35:58.704629+00	3	Overview - Practical Training That Industry Demands	2	[{"changed": {"fields": ["Super heading", "Heading", "Subheading", "Overview text"]}}]	31	1
94	2026-05-04 03:37:37.266729+00	3	Overview - Practical Training That Industry Demands	2	[{"added": {"name": "section content", "object": "b"}}]	31	1
95	2026-05-04 03:42:34.047098+00	4	Why Choose Us - a	2	[{"changed": {"fields": ["Label", "Super heading"]}}, {"changed": {"name": "section content", "object": "Expert Mentors", "fields": ["Label", "Text", "Question", "Answer"]}}]	31	1
96	2026-05-04 03:44:43.603931+00	4	Why Choose Us - a	2	[{"changed": {"fields": ["Super heading"]}}]	31	1
97	2026-05-04 03:45:27.115483+00	5	Our Services - a	2	[{"changed": {"fields": ["Label", "Super heading"]}}, {"changed": {"name": "section content", "object": "PLC-SCADA Mastery", "fields": ["Description"]}}]	31	1
98	2026-05-04 03:45:59.442809+00	5	Our Services - a	2	[{"changed": {"name": "section content", "object": "PLC-SCADA Mastery", "fields": ["Description"]}}]	31	1
99	2026-05-04 03:46:16.86477+00	5	Our Services - a	2	[{"changed": {"name": "section content", "object": "PLC-SCADA Mastery", "fields": ["Icon"]}}]	31	1
100	2026-05-04 03:46:41.281766+00	5	Our Services - a	2	[{"changed": {"name": "section content", "object": "PLC-SCADA Mastery", "fields": ["Icon"]}}]	31	1
101	2026-05-04 03:47:09.630133+00	4	Why Choose Us - a	2	[{"changed": {"name": "section content", "object": "Expert Mentors", "fields": ["Icon"]}}]	31	1
102	2026-05-04 03:47:46.967903+00	5	Our Services - a	2	[{"changed": {"name": "section content", "object": "PLC-SCADA Mastery", "fields": ["Icon"]}}]	31	1
103	2026-05-04 03:48:28.185516+00	5	Our Services - a	2	[{"changed": {"fields": ["Super heading", "Heading"]}}]	31	1
104	2026-05-04 03:49:22.194081+00	5	Our Services - a	2	[{"changed": {"name": "section content", "object": "PLC-SCADA Mastery", "fields": ["Label", "Text", "Question", "Answer"]}}]	31	1
105	2026-05-04 03:51:29.738893+00	5	Our Services - Training Programs	2	[{"changed": {"fields": ["Label"]}}, {"changed": {"name": "section content", "object": "PLC-SCADA Mastery", "fields": ["Label", "Description", "Text", "Question", "Answer"]}}, {"changed": {"name": "section content", "object": "HMI & VFD Training", "fields": ["Label", "Title", "Description", "Text"]}}, {"changed": {"name": "section content", "object": "Robotics & IIoT", "fields": ["Label", "Description", "Text"]}}]	31	1
106	2026-05-04 03:52:14.089379+00	5	Our Services - Training Programs	2	[{"changed": {"name": "section content", "object": "PLC-SCADA Mastery", "fields": ["Question", "Answer"]}}]	31	1
107	2026-05-04 03:54:26.54036+00	5	Our Services - Training Programs	2	[{"changed": {"name": "section content", "object": "PLC-SCADA Mastery", "fields": ["Description", "Question", "Answer"]}}, {"changed": {"name": "section content", "object": "HMI & VFD Training", "fields": ["Description"]}}, {"changed": {"name": "section content", "object": "Robotics & IIoT", "fields": ["Description"]}}]	31	1
108	2026-05-04 03:55:42.793906+00	5	Our Services - Training Programs	2	[{"changed": {"name": "section content", "object": "Comprehensive PLC & SCADA Training", "fields": ["Title"]}}, {"changed": {"name": "section content", "object": "Human Machine Interface & Drive Control", "fields": ["Title"]}}, {"changed": {"name": "section content", "object": "Industrial Panel Design & Documentation", "fields": ["Title"]}}]	31	1
109	2026-05-04 04:33:04.025473+00	5	Our Services - Training Programs	2	[{"changed": {"name": "section content", "object": "Comprehensive PLC & SCADA Training", "fields": ["Icon"]}}, {"changed": {"name": "section content", "object": "Human Machine Interface & Drive Control", "fields": ["Icon"]}}, {"changed": {"name": "section content", "object": "Industrial Panel Design & Documentation", "fields": ["Icon"]}}]	31	1
110	2026-05-04 04:44:23.413186+00	9	Contact Us - b	2	[{"changed": {"fields": ["Label", "Overview text", "Primary button text", "Primary button url", "Secondary button text", "Secondary button url"]}}, {"added": {"name": "section content", "object": "dd"}}]	31	1
111	2026-05-04 04:52:19.276916+00	9	Contact Us - b	2	[{"added": {"name": "section content", "object": "093702 18408"}}, {"added": {"name": "section content", "object": "dipak@gmail.com"}}, {"changed": {"name": "section content", "object": "Flat no.5,second floor, Mayur complex pavananagar, Bijli Nagar Road", "fields": ["Label", "Title", "Description", "Text", "Question", "Answer", "Order"]}}]	31	1
112	2026-05-04 04:54:19.636292+00	9	Contact Us - b	2	[{"changed": {"name": "section content", "object": "Flat no.5,second floor, Mayur complex pavananagar, Bijli Nagar Road", "fields": ["Icon"]}}, {"changed": {"name": "section content", "object": "093702 18408", "fields": ["Icon"]}}, {"changed": {"name": "section content", "object": "dipak@gmail.com", "fields": ["Icon"]}}]	31	1
113	2026-05-04 04:55:37.737394+00	9	Contact Us - b	2	[{"changed": {"fields": ["Overview text", "Primary button text", "Primary button url", "Secondary button text", "Secondary button url"]}}]	31	1
114	2026-05-04 04:58:19.355564+00	8	Frequently Asked Questions - Common Questions	2	[{"added": {"name": "section content", "object": "Who can join this course?"}}, {"added": {"name": "section content", "object": "Do you provide practical training?"}}, {"added": {"name": "section content", "object": "Which PLC brands will I learn?"}}, {"added": {"name": "section content", "object": "Will I work on real industrial projects?"}}, {"added": {"name": "section content", "object": "Do you cover electrical basics?"}}]	31	1
115	2026-05-04 04:59:00.760405+00	8	Frequently Asked Questions - Common Questions	2	[{"changed": {"name": "section content", "object": "Do you provide practical training?", "fields": ["Title", "Description", "Question", "Answer"]}}]	31	1
116	2026-05-04 04:59:01.440278+00	8	Frequently Asked Questions - Common Questions	2	[]	31	1
117	2026-05-04 05:39:44.041481+00	7	Location Pimpri	2	[{"changed": {"fields": ["Value"]}}]	38	1
118	2026-05-04 05:43:53.545057+00	7	Testimonials Slider - a	2	[{"changed": {"fields": ["Label", "Super heading", "Subheading", "Overview text", "Primary button text", "Primary button url", "Secondary button text", "Secondary button url"]}}]	31	1
119	2026-05-04 05:44:59.649594+00	7	Testimonials Slider - Voices of Success	2	[{"changed": {"fields": ["Label", "Super heading", "Subheading"]}}, {"changed": {"name": "section content", "object": "b", "fields": ["Label", "Title", "Description", "Text"]}}]	31	1
120	2026-05-04 05:50:41.697214+00	7	Testimonials Slider - Voices of Success	2	[{"added": {"name": "section content", "object": "Strong foundation in PLC & SCADA"}}, {"added": {"name": "section content", "object": "Hands-on training helped a lot"}}, {"added": {"name": "section content", "object": "Good support for placement"}}, {"changed": {"name": "section content", "object": "Great practical learning experience", "fields": ["Title", "Description", "Text", "Question", "Answer", "Icon"]}}]	31	1
\.


--
-- Data for Name: django_content_type; Type: TABLE DATA; Schema: public; Owner: postgres
--

COPY public.django_content_type (id, app_label, model) FROM stdin;
1	admin	logentry
2	auth	permission
3	auth	group
4	auth	user
5	contenttypes	contenttype
6	sessions	session
7	core	menu
8	core	footer
9	core	quicklink
10	core	footertext
11	core	pagesection
12	core	sectioncontent
13	portfolio	category
14	portfolio	pagesection
15	portfolio	sectioncontent
16	portfolio	albumphoto
17	services	pagesection
18	services	sectioncontent
19	about	pagesection
20	about	sectioncontent
21	aboutus	pagesection
22	aboutus	sectioncontent
23	core	companyprofile
24	core	contactinfo
25	core	contactmessage
26	core	footersubscription
27	core	sociallink
28	core	footeritem
29	core	footersection
30	core	submenu
31	homepage	pagesection
32	homepage	sectioncontent
33	internships	sectioncontent
34	internships	pagesection
35	training	sectioncontent
36	training	pagesection
37	core	announcement
38	core	sitestatistic
39	homepage	contactussection
40	homepage	faqsection
41	homepage	ourservicessection
42	homepage	placementsection
43	homepage	testimonialsection
44	homepage	whychooseussection
45	homepage	ctasection
46	homepage	herosection
47	homepage	overviewsection
\.


--
-- Data for Name: django_migrations; Type: TABLE DATA; Schema: public; Owner: postgres
--

COPY public.django_migrations (id, app, name, applied) FROM stdin;
1	contenttypes	0001_initial	2026-04-12 14:35:51.300336+00
2	auth	0001_initial	2026-04-12 14:35:51.336771+00
3	admin	0001_initial	2026-04-12 14:35:51.349287+00
4	admin	0002_logentry_remove_auto_add	2026-04-12 14:35:51.354239+00
5	admin	0003_logentry_add_action_flag_choices	2026-04-12 14:35:51.360006+00
6	contenttypes	0002_remove_content_type_name	2026-04-12 14:35:51.377332+00
7	auth	0002_alter_permission_name_max_length	2026-04-12 14:35:51.385474+00
8	auth	0003_alter_user_email_max_length	2026-04-12 14:35:51.391476+00
9	auth	0004_alter_user_username_opts	2026-04-12 14:35:51.397556+00
10	auth	0005_alter_user_last_login_null	2026-04-12 14:35:51.404335+00
11	auth	0006_require_contenttypes_0002	2026-04-12 14:35:51.406283+00
12	auth	0007_alter_validators_add_error_messages	2026-04-12 14:35:51.411392+00
13	auth	0008_alter_user_username_max_length	2026-04-12 14:35:51.418639+00
14	auth	0009_alter_user_last_name_max_length	2026-04-12 14:35:51.424776+00
15	auth	0010_alter_group_name_max_length	2026-04-12 14:35:51.432164+00
16	auth	0011_update_proxy_permissions	2026-04-12 14:35:51.445871+00
17	auth	0012_alter_user_first_name_max_length	2026-04-12 14:35:51.452222+00
18	sessions	0001_initial	2026-04-12 14:35:51.458929+00
19	core	0001_initial	2026-04-17 19:25:34.429709+00
21	internships	0001_initial	2026-04-17 19:25:42.205723+00
22	portfolio	0001_initial	2026-04-17 19:25:45.570205+00
23	services	0001_initial	2026-04-17 19:25:49.870382+00
24	training	0001_initial	2026-04-17 19:25:54.118855+00
25	aboutus	0001_initial	2026-04-17 19:34:03.279016+00
26	core	0002_announcement_sitestatistic	2026-04-21 09:36:36.320261+00
28	core	0003_populate_initial_data	2026-04-21 09:40:21.757549+00
29	homepage	0003_remove_pagesection_subheading_and_more	2026-04-22 09:15:39.281364+00
30	homepage	0004_herosection_overview_text_alter_ctasection_heading_and_more	2026-04-22 09:15:39.450659+00
31	homepage	0001_initial	2026-04-22 11:59:25.973621+00
32	homepage	0002_alter_pagesection_section_type	2026-04-22 11:59:26.257081+00
\.


--
-- Data for Name: django_session; Type: TABLE DATA; Schema: public; Owner: postgres
--

COPY public.django_session (session_key, session_data, expire_date) FROM stdin;
y9ql9r4sihn5gfls7x2cxs0vlbf9bdyh	.eJxVjEEOwiAQRe_C2hCmhVJcuvcMzQwzSNVAUtqV8e7apAvd_vfef6kJtzVPW5NlmlmdFajT70YYH1J2wHcst6pjLesyk94VfdCmr5XleTncv4OMLX_rnowPBsJoI7CQj-xcn5LDkcWyA07cDTIYtCQoErBDiCCerAOLbNT7A_s4ON4:1wDonD:gLDVPRWBDl4_lWpdlzSdYg-Z7717AG-K99mxzc2SVp8	2026-05-01 19:23:55.684772+00
9tdua7r10whc9b5rqbmugqwld0a8iwx3	.eJxVjEEOwiAQRe_C2hCmhVJcuvcMzQwzSNVAUtqV8e7apAvd_vfef6kJtzVPW5NlmlmdFajT70YYH1J2wHcst6pjLesyk94VfdCmr5XleTncv4OMLX_rnowPBsJoI7CQj-xcn5LDkcWyA07cDTIYtCQoErBDiCCerAOLbNT7A_s4ON4:1wE4Gs:Eyz8yjdRHUF3-QpW2KqDe-WHJPOurnNDu77G-xxVNQM	2026-05-02 11:55:34.709278+00
kjcyv3cee6s1mlasu57xdf3g9a9tvf5n	.eJxVjEEOwiAQRe_C2hCmhVJcuvcMzQwzSNVAUtqV8e7apAvd_vfef6kJtzVPW5NlmlmdFajT70YYH1J2wHcst6pjLesyk94VfdCmr5XleTncv4OMLX_rnowPBsJoI7CQj-xcn5LDkcWyA07cDTIYtCQoErBDiCCerAOLbNT7A_s4ON4:1wF5Eo:HEZ7T__Wd3FDM3_FfAefUnmgmUSQ6GQRWt9qP4FtETQ	2026-05-05 07:09:38.686091+00
hnvt9sk0cd21ssvcbdzyfrw25mldnblt	.eJxVjEEOwiAQRe_C2hCmhVJcuvcMzQwzSNVAUtqV8e7apAvd_vfef6kJtzVPW5NlmlmdFajT70YYH1J2wHcst6pjLesyk94VfdCmr5XleTncv4OMLX_rnowPBsJoI7CQj-xcn5LDkcWyA07cDTIYtCQoErBDiCCerAOLbNT7A_s4ON4:1wJjuV:Xy1PK57YC3x-rY8TxyZRZ0EZUgO0Tp6lyUL0M_3vT8E	2026-05-18 03:23:55.692755+00
wnytao7lszfje8mpxyl9vi0h73ss6ty7	.eJxVjEEOwiAQRe_C2hCmhVJcuvcMzQwzSNVAUtqV8e7apAvd_vfef6kJtzVPW5NlmlmdFajT70YYH1J2wHcst6pjLesyk94VfdCmr5XleTncv4OMLX_rnowPBsJoI7CQj-xcn5LDkcWyA07cDTIYtCQoErBDiCCerAOLbNT7A_s4ON4:1wJlz2:_EwrRe4pmXwFqOTI2awk0_2gMJ2or7mvxf2LhfBywPY	2026-05-18 05:36:44.650168+00
\.


--
-- Data for Name: homepage_contactussection; Type: TABLE DATA; Schema: public; Owner: postgres
--

COPY public.homepage_contactussection (pagesection_ptr_id, heading, subheading) FROM stdin;
\.


--
-- Data for Name: homepage_ctasection; Type: TABLE DATA; Schema: public; Owner: postgres
--

COPY public.homepage_ctasection (pagesection_ptr_id, heading, subheading, primary_button_text, primary_button_url) FROM stdin;
\.


--
-- Data for Name: homepage_faqsection; Type: TABLE DATA; Schema: public; Owner: postgres
--

COPY public.homepage_faqsection (pagesection_ptr_id, heading, subheading) FROM stdin;
\.


--
-- Data for Name: homepage_herosection; Type: TABLE DATA; Schema: public; Owner: postgres
--

COPY public.homepage_herosection (pagesection_ptr_id, super_heading, heading, subheading, background_image, primary_button_text, primary_button_url, secondary_button_text, secondary_button_url, overview_text) FROM stdin;
10	Modern Institute of Automation	Automate Your Future	Lorem ipsum dolor sit amet, consectetur adipiscing elit. Sed do eiusmod tempor incididunt ut labore et dolore magna aliqua. \\r\\nUt enim ad minim veniam, quis nostrud exercitation ullamco laboris nisi ut aliquip ex ea commodo consequat	sections/hero/Rectangle_1_1.webp	Explore Courses	#	Explore Courses	#	Lorem ipsum dolor sit amet, consectetur adipiscing elit. Sed do eiusmod tempor incididunt ut labore
\.


--
-- Data for Name: homepage_ourservicessection; Type: TABLE DATA; Schema: public; Owner: postgres
--

COPY public.homepage_ourservicessection (pagesection_ptr_id, heading, subheading) FROM stdin;
\.


--
-- Data for Name: homepage_overviewsection; Type: TABLE DATA; Schema: public; Owner: postgres
--

COPY public.homepage_overviewsection (pagesection_ptr_id, heading, subheading, primary_image, overview_text, primary_button_text, primary_button_url, secondary_button_text, secondary_button_url) FROM stdin;
\.


--
-- Data for Name: homepage_pagesection; Type: TABLE DATA; Schema: public; Owner: postgres
--

COPY public.homepage_pagesection (id, object_id, section_type, "order", is_active, label, super_heading, heading, subheading, overview_text, background_image, primary_image, primary_button_text, primary_button_url, secondary_button_text, secondary_button_url, content_type_id) FROM stdin;
10	1	CTA	9	t	\N	\N	Kickstart Your Automation Career	Join the next batch and secure your future in Industry 4.0.	\N			Get Started Now	/enroll	\N	\N	23
9	1	CONTACT_US	8	t	b	Contact Us	Speak with Our Career Experts	Ready to visit our lab? Book a free walk-through session today.	Feel free to Reach			Send	\N	\N	\N	23
6	1	OUR_PLACED_STUDENTS	5	t	\N	\N	MIA Pride: Recent Placements	Our students are currently working in some of the world's leading engineering firms.	\N			\N	\N	\N	\N	23
2	1	HERO	1	t	Homepage Hero Header	INDUSTRIAL AUTOMATION TRAINING IN PUNE	Become Job-Ready in PLC, SCADA & Electrical Design	Hands-on training on Allen Bradley, Siemens, Mitsubishi & Delta systems with real industrial hardware. Learn practical automation skills with placement support.	\N	sections/Rectangle_1.webp		Explore Our Courses	/courses	Book Free Demo	/demo	23
8	1	FAQ	7	t	\N	\N	Common Questions	Everything you need to know about our courses.	\N			\N	\N	\N	\N	23
3	1	OVERVIEW	2	t	\N	ABOUT US	Practical Training That Industry Demands	sdff	We provide industrial automation training focused on real-world applications including PLC, SCADA, H	sections/Rectangle_4385.webp	sections/Rectangle_4384.webp	Learn More About Us	/about	\N	\N	23
7	1	TESTIMONIALS	6	t	\N	\N	Voices of Success	Real experiences from students who built their careers in industrial automation.	d			e	r	g	f	23
4	1	WHY_CHOOSE_US	3	t	a	Modern Institute of Automation	Why Aspiring Automation Engineers Trust Us		\N			\N	\N	\N	\N	23
5	1	OUR_SERVICES	4	t	\N	Our Specialized	Training Programs	Industry-standard modules designed to make you a complete automation engineer.	\N			\N	\N	\N	\N	23
\.


--
-- Data for Name: homepage_placementsection; Type: TABLE DATA; Schema: public; Owner: postgres
--

COPY public.homepage_placementsection (pagesection_ptr_id, heading, subheading) FROM stdin;
\.


--
-- Data for Name: homepage_sectioncontent; Type: TABLE DATA; Schema: public; Owner: postgres
--

COPY public.homepage_sectioncontent (id, "order", is_active, label, title, description, text, question, answer, icon, section_id) FROM stdin;
3	1	t	5000+	Engineers Trained	\N	\N	\N	\N		2
4	2	t	100%	Practical Approach	\N	\N	\N	\N		2
5	1	t	\N	\N	\N	Authorized Certification Provider	\N	\N		3
6	2	t	\N	\N	\N	Individual PC and Hardware per Student	\N	\N		3
7	3	t	\N	\N	\N	Lifetime Placement Assistance	\N	\N		3
17	1	t	\N	\N	\N	\N	Do I need a strong coding background?	No, we start from basic electrical relay logic and build up to advanced programming.		8
18	2	t	\N	\N	\N	\N	Is the certificate valid globally?	Yes, MIA certificates are industry-recognized across the globe.		8
14	1	t	\N	Aditya Deshmukh	MIA is the best place to gain hardware confidence.	Siemens Ltd.	\N		icons/Rectangle_4387.webp	6
15	2	t	\N	Priya Sharma	The SCADA training helped me crack the toughest technical rounds.	ABB Global	\N		icons/man-electrical-working-switchboard-with-fuses-uses-tablet.webp	6
19	3	t	\N	\N		\N	\N		icons/electrician-man-overalls-works-switchboard-portrait-electrician-overalls.webp	6
11	1	t	PLC-SCADA Mastery	Comprehensive PLC & SCADA Training	PLC programming with real industrial logic, Electrical panel wiring and connections, Troubleshooting using RSLogix and simulation tools, SCADA development using FactoryTalk and TIA Portal	Redirect	\N		icons/flash.webp	5
9	2	t	\N	Job Guarantee	Access to premium placement cell with top MNC tie-ups.	\N	\N		icons/electrician-man-overalls-works-switchboard-portrait-electrician-overalls_Nmsm15K.webp	4
10	3	t	\N	Flexible Timing	Evening and weekend batches optimized for working professionals.	\N	\N		icons/Rectangle_4387_UF0NQDy.webp	4
20	3	t	100%	Practical Training		\N	\N			2
21	4	t	5+	Industrial Software		\N	\N			2
22	4	t	a	b	c	Hands-on Practical Lab Training	\N			3
12	2	t	HMI & VFD Training	Human Machine Interface & Drive Control	Designing interactive HMI screens for machines, Configuration of industrial VFD drives, Parameter tuning for speed and control, Real-time machine control applications	Redirect	\N		icons/plug.webp	5
13	3	t	Electrical Design (EPLAN)	Industrial Panel Design & Documentation	Creating electrical schematics using EPLAN, Industrial panel design and layout planning, Wire and load calculation for components, Automatic report generation and documentation	Redirect	\N		icons/electric-panel.webp	5
8	1	t	aa	Expert Mentors	Learn from veterans with 15+ years of industrial experience.	aaaa	bb	cc	icons/images.webp	4
23	1	t	Visit Our Office	Flat no.5,second floor, Mayur complex pavananagar, Bijli Nagar Road	Pimpri-Chinchwad, Maharashtra 411033	\N	\N		icons/location.webp	9
24	2	t	Call Us	093702 18408	Mon-Fri 9AM-6PM EST	\N	\N		icons/telephone-call.webp	9
25	3	t	Email Us	dipak@gmail.com	support@company.com	\N	\N		icons/email.webp	9
26	3	t	\N	\N		\N	Who can join this course?	Diploma, BE/BTech (Electrical, Electronics, Mechanical) students, freshers and working professionals who want to build a career in industrial automation can join.		8
28	4	t	\N	\N		\N	Which PLC brands will I learn?	You will learn Allen Bradley, Siemens, Mitsubishi and Delta PLC along with their respective software tools.		8
29	4	t	\N	\N		\N	Will I work on real industrial projects?	Yes, you will practice on real-world industrial scenarios like motor control, panel wiring, SCADA monitoring and troubleshooting.		8
30	7	t	\N	\N		\N	Do you cover electrical basics?	Yes, we start from basic electrical concepts like relays, contactors, timers and control circuits before moving to PLC programming.		8
27	4	t	\N	\N		\N	Do you provide practical training?	Yes, the course is focused on hands-on practical training using real PLC hardware, panels, relays and industrial components.		8
16	1	t	a	Great practical learning experience	Best place for automation training	\N	Rahul Patil	The training is completely practical. I learned PLC programming, wiring and troubleshooting with real hardware which helped me understand industry work.	icons/download.webp	7
31	2	t	\N	Strong foundation in PLC & SCADA	Very helpful for freshers	\N	Sneha Kulkarni	They start from basic electrical concepts and gradually move to PLC and SCADA. This made it easy for me as a fresher to understand everything clearly.	icons/download_1.webp	7
32	3	t	\N	Hands-on training helped a lot	Real industrial exposure	\N	Amit Shinde	Working on real panels and industrial components gave me confidence. The trainers also helped with interview preparation.	icons/download_2.webp	7
33	4	t	\N	Good support for placement	Career guidance was useful	\N	Pooja Jadhav	Resume building and interview guidance sessions were very useful. I was able to attend interviews with confidence after completing the course.	icons/download_3.webp	7
\.


--
-- Data for Name: homepage_testimonialsection; Type: TABLE DATA; Schema: public; Owner: postgres
--

COPY public.homepage_testimonialsection (pagesection_ptr_id, heading, subheading) FROM stdin;
\.


--
-- Data for Name: homepage_whychooseussection; Type: TABLE DATA; Schema: public; Owner: postgres
--

COPY public.homepage_whychooseussection (pagesection_ptr_id, heading, subheading) FROM stdin;
\.


--
-- Data for Name: internships_pagesection; Type: TABLE DATA; Schema: public; Owner: postgres
--

COPY public.internships_pagesection (id, section_type, "order", is_active, super_heading, heading, highlighted_heading, subheading, background_image, primary_image, overlay_title, overlay_description, primary_button_text, primary_button_url, secondary_button_text, secondary_button_url) FROM stdin;
\.


--
-- Data for Name: internships_sectioncontent; Type: TABLE DATA; Schema: public; Owner: postgres
--

COPY public.internships_sectioncontent (id, "order", is_active, icon, label, title, description, brochures, tags, primary_button_text, primary_button_url, question, answer, section_id) FROM stdin;
\.


--
-- Data for Name: portfolio_pagesection; Type: TABLE DATA; Schema: public; Owner: postgres
--

COPY public.portfolio_pagesection (id, section_type, "order", is_active, super_heading, heading, subheading, overview_text, background_image, primary_image, primary_button_text, primary_button_url, secondary_button_text, secondary_button_url) FROM stdin;
\.


--
-- Data for Name: portfolio_sectioncontent; Type: TABLE DATA; Schema: public; Owner: postgres
--

COPY public.portfolio_sectioncontent (id, "order", is_active, label, title, description, text, question, answer, primary_button_text, primary_button_url, secondary_button_text, secondary_button_url, icon, section_id) FROM stdin;
\.


--
-- Data for Name: services_pagesection; Type: TABLE DATA; Schema: public; Owner: postgres
--

COPY public.services_pagesection (id, section_type, "order", is_active, super_heading, heading, highlighted_heading_text, subheading, primary_image, background_image, primary_button_text, primary_button_url, secondary_button_text, secondary_button_url, submenu_id) FROM stdin;
\.


--
-- Data for Name: services_sectioncontent; Type: TABLE DATA; Schema: public; Owner: postgres
--

COPY public.services_sectioncontent (id, category, "order", is_active, icon, title, description, tags, label, section_id) FROM stdin;
\.


--
-- Data for Name: training_pagesection; Type: TABLE DATA; Schema: public; Owner: postgres
--

COPY public.training_pagesection (id, section_type, "order", is_active, super_heading, heading, highlighted_heading, subheading, order_level, background_image, primary_image, overlay_title, overlay_description, primary_button_text, primary_button_url, secondary_button_text, secondary_button_url, submenu_id) FROM stdin;
\.


--
-- Data for Name: training_sectioncontent; Type: TABLE DATA; Schema: public; Owner: postgres
--

COPY public.training_sectioncontent (id, "order", is_active, icon, label, title, description, brochures, tags, primary_button_text, primary_button_url, linkedin_url, twitter_url, other_social_url, question, answer, section_id) FROM stdin;
\.


--
-- Name: aboutus_pagesection_id_seq; Type: SEQUENCE SET; Schema: public; Owner: postgres
--

SELECT pg_catalog.setval('public.aboutus_pagesection_id_seq', 1, false);


--
-- Name: aboutus_sectioncontent_id_seq; Type: SEQUENCE SET; Schema: public; Owner: postgres
--

SELECT pg_catalog.setval('public.aboutus_sectioncontent_id_seq', 1, false);


--
-- Name: auth_group_id_seq; Type: SEQUENCE SET; Schema: public; Owner: postgres
--

SELECT pg_catalog.setval('public.auth_group_id_seq', 1, false);


--
-- Name: auth_group_permissions_id_seq; Type: SEQUENCE SET; Schema: public; Owner: postgres
--

SELECT pg_catalog.setval('public.auth_group_permissions_id_seq', 1, false);


--
-- Name: auth_permission_id_seq; Type: SEQUENCE SET; Schema: public; Owner: postgres
--

SELECT pg_catalog.setval('public.auth_permission_id_seq', 188, true);


--
-- Name: auth_user_groups_id_seq; Type: SEQUENCE SET; Schema: public; Owner: postgres
--

SELECT pg_catalog.setval('public.auth_user_groups_id_seq', 1, false);


--
-- Name: auth_user_id_seq; Type: SEQUENCE SET; Schema: public; Owner: postgres
--

SELECT pg_catalog.setval('public.auth_user_id_seq', 1, true);


--
-- Name: auth_user_user_permissions_id_seq; Type: SEQUENCE SET; Schema: public; Owner: postgres
--

SELECT pg_catalog.setval('public.auth_user_user_permissions_id_seq', 1, false);


--
-- Name: core_announcement_id_seq; Type: SEQUENCE SET; Schema: public; Owner: postgres
--

SELECT pg_catalog.setval('public.core_announcement_id_seq', 7, true);


--
-- Name: core_companyprofile_id_seq; Type: SEQUENCE SET; Schema: public; Owner: postgres
--

SELECT pg_catalog.setval('public.core_companyprofile_id_seq', 1, true);


--
-- Name: core_contactinfo_id_seq; Type: SEQUENCE SET; Schema: public; Owner: postgres
--

SELECT pg_catalog.setval('public.core_contactinfo_id_seq', 1, false);


--
-- Name: core_contactmessage_id_seq; Type: SEQUENCE SET; Schema: public; Owner: postgres
--

SELECT pg_catalog.setval('public.core_contactmessage_id_seq', 1, false);


--
-- Name: core_footeritem_id_seq; Type: SEQUENCE SET; Schema: public; Owner: postgres
--

SELECT pg_catalog.setval('public.core_footeritem_id_seq', 16, true);


--
-- Name: core_footersection_id_seq; Type: SEQUENCE SET; Schema: public; Owner: postgres
--

SELECT pg_catalog.setval('public.core_footersection_id_seq', 5, true);


--
-- Name: core_footersubscription_id_seq; Type: SEQUENCE SET; Schema: public; Owner: postgres
--

SELECT pg_catalog.setval('public.core_footersubscription_id_seq', 1, false);


--
-- Name: core_menu_id_seq; Type: SEQUENCE SET; Schema: public; Owner: postgres
--

SELECT pg_catalog.setval('public.core_menu_id_seq', 17, true);


--
-- Name: core_sitestatistic_id_seq; Type: SEQUENCE SET; Schema: public; Owner: postgres
--

SELECT pg_catalog.setval('public.core_sitestatistic_id_seq', 7, true);


--
-- Name: core_sociallink_id_seq; Type: SEQUENCE SET; Schema: public; Owner: postgres
--

SELECT pg_catalog.setval('public.core_sociallink_id_seq', 4, true);


--
-- Name: core_submenu_id_seq; Type: SEQUENCE SET; Schema: public; Owner: postgres
--

SELECT pg_catalog.setval('public.core_submenu_id_seq', 11, true);


--
-- Name: django_admin_log_id_seq; Type: SEQUENCE SET; Schema: public; Owner: postgres
--

SELECT pg_catalog.setval('public.django_admin_log_id_seq', 120, true);


--
-- Name: django_content_type_id_seq; Type: SEQUENCE SET; Schema: public; Owner: postgres
--

SELECT pg_catalog.setval('public.django_content_type_id_seq', 47, true);


--
-- Name: django_migrations_id_seq; Type: SEQUENCE SET; Schema: public; Owner: postgres
--

SELECT pg_catalog.setval('public.django_migrations_id_seq', 32, true);


--
-- Name: homepage_pagesection_id_seq; Type: SEQUENCE SET; Schema: public; Owner: postgres
--

SELECT pg_catalog.setval('public.homepage_pagesection_id_seq', 10, true);


--
-- Name: homepage_sectioncontent_id_seq; Type: SEQUENCE SET; Schema: public; Owner: postgres
--

SELECT pg_catalog.setval('public.homepage_sectioncontent_id_seq', 33, true);


--
-- Name: internships_pagesection_id_seq; Type: SEQUENCE SET; Schema: public; Owner: postgres
--

SELECT pg_catalog.setval('public.internships_pagesection_id_seq', 1, false);


--
-- Name: internships_sectioncontent_id_seq; Type: SEQUENCE SET; Schema: public; Owner: postgres
--

SELECT pg_catalog.setval('public.internships_sectioncontent_id_seq', 1, false);


--
-- Name: portfolio_pagesection_id_seq; Type: SEQUENCE SET; Schema: public; Owner: postgres
--

SELECT pg_catalog.setval('public.portfolio_pagesection_id_seq', 1, false);


--
-- Name: portfolio_sectioncontent_id_seq; Type: SEQUENCE SET; Schema: public; Owner: postgres
--

SELECT pg_catalog.setval('public.portfolio_sectioncontent_id_seq', 1, false);


--
-- Name: services_pagesection_id_seq; Type: SEQUENCE SET; Schema: public; Owner: postgres
--

SELECT pg_catalog.setval('public.services_pagesection_id_seq', 1, false);


--
-- Name: services_sectioncontent_id_seq; Type: SEQUENCE SET; Schema: public; Owner: postgres
--

SELECT pg_catalog.setval('public.services_sectioncontent_id_seq', 1, false);


--
-- Name: training_pagesection_id_seq; Type: SEQUENCE SET; Schema: public; Owner: postgres
--

SELECT pg_catalog.setval('public.training_pagesection_id_seq', 1, false);


--
-- Name: training_sectioncontent_id_seq; Type: SEQUENCE SET; Schema: public; Owner: postgres
--

SELECT pg_catalog.setval('public.training_sectioncontent_id_seq', 1, false);


--
-- Name: aboutus_pagesection aboutus_pagesection_pkey; Type: CONSTRAINT; Schema: public; Owner: postgres
--

ALTER TABLE ONLY public.aboutus_pagesection
    ADD CONSTRAINT aboutus_pagesection_pkey PRIMARY KEY (id);


--
-- Name: aboutus_sectioncontent aboutus_sectioncontent_pkey; Type: CONSTRAINT; Schema: public; Owner: postgres
--

ALTER TABLE ONLY public.aboutus_sectioncontent
    ADD CONSTRAINT aboutus_sectioncontent_pkey PRIMARY KEY (id);


--
-- Name: auth_group auth_group_name_key; Type: CONSTRAINT; Schema: public; Owner: postgres
--

ALTER TABLE ONLY public.auth_group
    ADD CONSTRAINT auth_group_name_key UNIQUE (name);


--
-- Name: auth_group_permissions auth_group_permissions_group_id_permission_id_0cd325b0_uniq; Type: CONSTRAINT; Schema: public; Owner: postgres
--

ALTER TABLE ONLY public.auth_group_permissions
    ADD CONSTRAINT auth_group_permissions_group_id_permission_id_0cd325b0_uniq UNIQUE (group_id, permission_id);


--
-- Name: auth_group_permissions auth_group_permissions_pkey; Type: CONSTRAINT; Schema: public; Owner: postgres
--

ALTER TABLE ONLY public.auth_group_permissions
    ADD CONSTRAINT auth_group_permissions_pkey PRIMARY KEY (id);


--
-- Name: auth_group auth_group_pkey; Type: CONSTRAINT; Schema: public; Owner: postgres
--

ALTER TABLE ONLY public.auth_group
    ADD CONSTRAINT auth_group_pkey PRIMARY KEY (id);


--
-- Name: auth_permission auth_permission_content_type_id_codename_01ab375a_uniq; Type: CONSTRAINT; Schema: public; Owner: postgres
--

ALTER TABLE ONLY public.auth_permission
    ADD CONSTRAINT auth_permission_content_type_id_codename_01ab375a_uniq UNIQUE (content_type_id, codename);


--
-- Name: auth_permission auth_permission_pkey; Type: CONSTRAINT; Schema: public; Owner: postgres
--

ALTER TABLE ONLY public.auth_permission
    ADD CONSTRAINT auth_permission_pkey PRIMARY KEY (id);


--
-- Name: auth_user_groups auth_user_groups_pkey; Type: CONSTRAINT; Schema: public; Owner: postgres
--

ALTER TABLE ONLY public.auth_user_groups
    ADD CONSTRAINT auth_user_groups_pkey PRIMARY KEY (id);


--
-- Name: auth_user_groups auth_user_groups_user_id_group_id_94350c0c_uniq; Type: CONSTRAINT; Schema: public; Owner: postgres
--

ALTER TABLE ONLY public.auth_user_groups
    ADD CONSTRAINT auth_user_groups_user_id_group_id_94350c0c_uniq UNIQUE (user_id, group_id);


--
-- Name: auth_user auth_user_pkey; Type: CONSTRAINT; Schema: public; Owner: postgres
--

ALTER TABLE ONLY public.auth_user
    ADD CONSTRAINT auth_user_pkey PRIMARY KEY (id);


--
-- Name: auth_user_user_permissions auth_user_user_permissions_pkey; Type: CONSTRAINT; Schema: public; Owner: postgres
--

ALTER TABLE ONLY public.auth_user_user_permissions
    ADD CONSTRAINT auth_user_user_permissions_pkey PRIMARY KEY (id);


--
-- Name: auth_user_user_permissions auth_user_user_permissions_user_id_permission_id_14a6b632_uniq; Type: CONSTRAINT; Schema: public; Owner: postgres
--

ALTER TABLE ONLY public.auth_user_user_permissions
    ADD CONSTRAINT auth_user_user_permissions_user_id_permission_id_14a6b632_uniq UNIQUE (user_id, permission_id);


--
-- Name: auth_user auth_user_username_key; Type: CONSTRAINT; Schema: public; Owner: postgres
--

ALTER TABLE ONLY public.auth_user
    ADD CONSTRAINT auth_user_username_key UNIQUE (username);


--
-- Name: core_announcement core_announcement_pkey; Type: CONSTRAINT; Schema: public; Owner: postgres
--

ALTER TABLE ONLY public.core_announcement
    ADD CONSTRAINT core_announcement_pkey PRIMARY KEY (id);


--
-- Name: core_companyprofile core_companyprofile_pkey; Type: CONSTRAINT; Schema: public; Owner: postgres
--

ALTER TABLE ONLY public.core_companyprofile
    ADD CONSTRAINT core_companyprofile_pkey PRIMARY KEY (id);


--
-- Name: core_contactinfo core_contactinfo_pkey; Type: CONSTRAINT; Schema: public; Owner: postgres
--

ALTER TABLE ONLY public.core_contactinfo
    ADD CONSTRAINT core_contactinfo_pkey PRIMARY KEY (id);


--
-- Name: core_contactmessage core_contactmessage_pkey; Type: CONSTRAINT; Schema: public; Owner: postgres
--

ALTER TABLE ONLY public.core_contactmessage
    ADD CONSTRAINT core_contactmessage_pkey PRIMARY KEY (id);


--
-- Name: core_footeritem core_footeritem_pkey; Type: CONSTRAINT; Schema: public; Owner: postgres
--

ALTER TABLE ONLY public.core_footeritem
    ADD CONSTRAINT core_footeritem_pkey PRIMARY KEY (id);


--
-- Name: core_footersection core_footersection_pkey; Type: CONSTRAINT; Schema: public; Owner: postgres
--

ALTER TABLE ONLY public.core_footersection
    ADD CONSTRAINT core_footersection_pkey PRIMARY KEY (id);


--
-- Name: core_footersubscription core_footersubscription_pkey; Type: CONSTRAINT; Schema: public; Owner: postgres
--

ALTER TABLE ONLY public.core_footersubscription
    ADD CONSTRAINT core_footersubscription_pkey PRIMARY KEY (id);


--
-- Name: core_menu core_menu_pkey; Type: CONSTRAINT; Schema: public; Owner: postgres
--

ALTER TABLE ONLY public.core_menu
    ADD CONSTRAINT core_menu_pkey PRIMARY KEY (id);


--
-- Name: core_sitestatistic core_sitestatistic_pkey; Type: CONSTRAINT; Schema: public; Owner: postgres
--

ALTER TABLE ONLY public.core_sitestatistic
    ADD CONSTRAINT core_sitestatistic_pkey PRIMARY KEY (id);


--
-- Name: core_sociallink core_sociallink_pkey; Type: CONSTRAINT; Schema: public; Owner: postgres
--

ALTER TABLE ONLY public.core_sociallink
    ADD CONSTRAINT core_sociallink_pkey PRIMARY KEY (id);


--
-- Name: core_submenu core_submenu_pkey; Type: CONSTRAINT; Schema: public; Owner: postgres
--

ALTER TABLE ONLY public.core_submenu
    ADD CONSTRAINT core_submenu_pkey PRIMARY KEY (id);


--
-- Name: core_submenu core_submenu_slug_key; Type: CONSTRAINT; Schema: public; Owner: postgres
--

ALTER TABLE ONLY public.core_submenu
    ADD CONSTRAINT core_submenu_slug_key UNIQUE (slug);


--
-- Name: django_admin_log django_admin_log_pkey; Type: CONSTRAINT; Schema: public; Owner: postgres
--

ALTER TABLE ONLY public.django_admin_log
    ADD CONSTRAINT django_admin_log_pkey PRIMARY KEY (id);


--
-- Name: django_content_type django_content_type_app_label_model_76bd3d3b_uniq; Type: CONSTRAINT; Schema: public; Owner: postgres
--

ALTER TABLE ONLY public.django_content_type
    ADD CONSTRAINT django_content_type_app_label_model_76bd3d3b_uniq UNIQUE (app_label, model);


--
-- Name: django_content_type django_content_type_pkey; Type: CONSTRAINT; Schema: public; Owner: postgres
--

ALTER TABLE ONLY public.django_content_type
    ADD CONSTRAINT django_content_type_pkey PRIMARY KEY (id);


--
-- Name: django_migrations django_migrations_pkey; Type: CONSTRAINT; Schema: public; Owner: postgres
--

ALTER TABLE ONLY public.django_migrations
    ADD CONSTRAINT django_migrations_pkey PRIMARY KEY (id);


--
-- Name: django_session django_session_pkey; Type: CONSTRAINT; Schema: public; Owner: postgres
--

ALTER TABLE ONLY public.django_session
    ADD CONSTRAINT django_session_pkey PRIMARY KEY (session_key);


--
-- Name: homepage_contactussection homepage_contactussection_pkey; Type: CONSTRAINT; Schema: public; Owner: postgres
--

ALTER TABLE ONLY public.homepage_contactussection
    ADD CONSTRAINT homepage_contactussection_pkey PRIMARY KEY (pagesection_ptr_id);


--
-- Name: homepage_ctasection homepage_ctasection_pkey; Type: CONSTRAINT; Schema: public; Owner: postgres
--

ALTER TABLE ONLY public.homepage_ctasection
    ADD CONSTRAINT homepage_ctasection_pkey PRIMARY KEY (pagesection_ptr_id);


--
-- Name: homepage_faqsection homepage_faqsection_pkey; Type: CONSTRAINT; Schema: public; Owner: postgres
--

ALTER TABLE ONLY public.homepage_faqsection
    ADD CONSTRAINT homepage_faqsection_pkey PRIMARY KEY (pagesection_ptr_id);


--
-- Name: homepage_herosection homepage_herosection_pkey; Type: CONSTRAINT; Schema: public; Owner: postgres
--

ALTER TABLE ONLY public.homepage_herosection
    ADD CONSTRAINT homepage_herosection_pkey PRIMARY KEY (pagesection_ptr_id);


--
-- Name: homepage_ourservicessection homepage_ourservicessection_pkey; Type: CONSTRAINT; Schema: public; Owner: postgres
--

ALTER TABLE ONLY public.homepage_ourservicessection
    ADD CONSTRAINT homepage_ourservicessection_pkey PRIMARY KEY (pagesection_ptr_id);


--
-- Name: homepage_overviewsection homepage_overviewsection_pkey; Type: CONSTRAINT; Schema: public; Owner: postgres
--

ALTER TABLE ONLY public.homepage_overviewsection
    ADD CONSTRAINT homepage_overviewsection_pkey PRIMARY KEY (pagesection_ptr_id);


--
-- Name: homepage_pagesection homepage_pagesection_pkey; Type: CONSTRAINT; Schema: public; Owner: postgres
--

ALTER TABLE ONLY public.homepage_pagesection
    ADD CONSTRAINT homepage_pagesection_pkey PRIMARY KEY (id);


--
-- Name: homepage_placementsection homepage_placementsection_pkey; Type: CONSTRAINT; Schema: public; Owner: postgres
--

ALTER TABLE ONLY public.homepage_placementsection
    ADD CONSTRAINT homepage_placementsection_pkey PRIMARY KEY (pagesection_ptr_id);


--
-- Name: homepage_sectioncontent homepage_sectioncontent_pkey; Type: CONSTRAINT; Schema: public; Owner: postgres
--

ALTER TABLE ONLY public.homepage_sectioncontent
    ADD CONSTRAINT homepage_sectioncontent_pkey PRIMARY KEY (id);


--
-- Name: homepage_testimonialsection homepage_testimonialsection_pkey; Type: CONSTRAINT; Schema: public; Owner: postgres
--

ALTER TABLE ONLY public.homepage_testimonialsection
    ADD CONSTRAINT homepage_testimonialsection_pkey PRIMARY KEY (pagesection_ptr_id);


--
-- Name: homepage_whychooseussection homepage_whychooseussection_pkey; Type: CONSTRAINT; Schema: public; Owner: postgres
--

ALTER TABLE ONLY public.homepage_whychooseussection
    ADD CONSTRAINT homepage_whychooseussection_pkey PRIMARY KEY (pagesection_ptr_id);


--
-- Name: internships_pagesection internships_pagesection_pkey; Type: CONSTRAINT; Schema: public; Owner: postgres
--

ALTER TABLE ONLY public.internships_pagesection
    ADD CONSTRAINT internships_pagesection_pkey PRIMARY KEY (id);


--
-- Name: internships_sectioncontent internships_sectioncontent_pkey; Type: CONSTRAINT; Schema: public; Owner: postgres
--

ALTER TABLE ONLY public.internships_sectioncontent
    ADD CONSTRAINT internships_sectioncontent_pkey PRIMARY KEY (id);


--
-- Name: portfolio_pagesection portfolio_pagesection_pkey; Type: CONSTRAINT; Schema: public; Owner: postgres
--

ALTER TABLE ONLY public.portfolio_pagesection
    ADD CONSTRAINT portfolio_pagesection_pkey PRIMARY KEY (id);


--
-- Name: portfolio_sectioncontent portfolio_sectioncontent_pkey; Type: CONSTRAINT; Schema: public; Owner: postgres
--

ALTER TABLE ONLY public.portfolio_sectioncontent
    ADD CONSTRAINT portfolio_sectioncontent_pkey PRIMARY KEY (id);


--
-- Name: services_pagesection services_pagesection_pkey; Type: CONSTRAINT; Schema: public; Owner: postgres
--

ALTER TABLE ONLY public.services_pagesection
    ADD CONSTRAINT services_pagesection_pkey PRIMARY KEY (id);


--
-- Name: services_sectioncontent services_sectioncontent_pkey; Type: CONSTRAINT; Schema: public; Owner: postgres
--

ALTER TABLE ONLY public.services_sectioncontent
    ADD CONSTRAINT services_sectioncontent_pkey PRIMARY KEY (id);


--
-- Name: training_pagesection training_pagesection_pkey; Type: CONSTRAINT; Schema: public; Owner: postgres
--

ALTER TABLE ONLY public.training_pagesection
    ADD CONSTRAINT training_pagesection_pkey PRIMARY KEY (id);


--
-- Name: training_sectioncontent training_sectioncontent_pkey; Type: CONSTRAINT; Schema: public; Owner: postgres
--

ALTER TABLE ONLY public.training_sectioncontent
    ADD CONSTRAINT training_sectioncontent_pkey PRIMARY KEY (id);


--
-- Name: aboutus_sectioncontent_section_id_11982ff8; Type: INDEX; Schema: public; Owner: postgres
--

CREATE INDEX aboutus_sectioncontent_section_id_11982ff8 ON public.aboutus_sectioncontent USING btree (section_id);


--
-- Name: auth_group_name_a6ea08ec_like; Type: INDEX; Schema: public; Owner: postgres
--

CREATE INDEX auth_group_name_a6ea08ec_like ON public.auth_group USING btree (name varchar_pattern_ops);


--
-- Name: auth_group_permissions_group_id_b120cbf9; Type: INDEX; Schema: public; Owner: postgres
--

CREATE INDEX auth_group_permissions_group_id_b120cbf9 ON public.auth_group_permissions USING btree (group_id);


--
-- Name: auth_group_permissions_permission_id_84c5c92e; Type: INDEX; Schema: public; Owner: postgres
--

CREATE INDEX auth_group_permissions_permission_id_84c5c92e ON public.auth_group_permissions USING btree (permission_id);


--
-- Name: auth_permission_content_type_id_2f476e4b; Type: INDEX; Schema: public; Owner: postgres
--

CREATE INDEX auth_permission_content_type_id_2f476e4b ON public.auth_permission USING btree (content_type_id);


--
-- Name: auth_user_groups_group_id_97559544; Type: INDEX; Schema: public; Owner: postgres
--

CREATE INDEX auth_user_groups_group_id_97559544 ON public.auth_user_groups USING btree (group_id);


--
-- Name: auth_user_groups_user_id_6a12ed8b; Type: INDEX; Schema: public; Owner: postgres
--

CREATE INDEX auth_user_groups_user_id_6a12ed8b ON public.auth_user_groups USING btree (user_id);


--
-- Name: auth_user_user_permissions_permission_id_1fbb5f2c; Type: INDEX; Schema: public; Owner: postgres
--

CREATE INDEX auth_user_user_permissions_permission_id_1fbb5f2c ON public.auth_user_user_permissions USING btree (permission_id);


--
-- Name: auth_user_user_permissions_user_id_a95ead1b; Type: INDEX; Schema: public; Owner: postgres
--

CREATE INDEX auth_user_user_permissions_user_id_a95ead1b ON public.auth_user_user_permissions USING btree (user_id);


--
-- Name: auth_user_username_6821ab7c_like; Type: INDEX; Schema: public; Owner: postgres
--

CREATE INDEX auth_user_username_6821ab7c_like ON public.auth_user USING btree (username varchar_pattern_ops);


--
-- Name: core_footeritem_section_id_ac77153b; Type: INDEX; Schema: public; Owner: postgres
--

CREATE INDEX core_footeritem_section_id_ac77153b ON public.core_footeritem USING btree (section_id);


--
-- Name: core_submenu_menu_id_d2c44062; Type: INDEX; Schema: public; Owner: postgres
--

CREATE INDEX core_submenu_menu_id_d2c44062 ON public.core_submenu USING btree (menu_id);


--
-- Name: core_submenu_slug_e7af6039_like; Type: INDEX; Schema: public; Owner: postgres
--

CREATE INDEX core_submenu_slug_e7af6039_like ON public.core_submenu USING btree (slug varchar_pattern_ops);


--
-- Name: django_admin_log_content_type_id_c4bce8eb; Type: INDEX; Schema: public; Owner: postgres
--

CREATE INDEX django_admin_log_content_type_id_c4bce8eb ON public.django_admin_log USING btree (content_type_id);


--
-- Name: django_admin_log_user_id_c564eba6; Type: INDEX; Schema: public; Owner: postgres
--

CREATE INDEX django_admin_log_user_id_c564eba6 ON public.django_admin_log USING btree (user_id);


--
-- Name: django_session_expire_date_a5c62663; Type: INDEX; Schema: public; Owner: postgres
--

CREATE INDEX django_session_expire_date_a5c62663 ON public.django_session USING btree (expire_date);


--
-- Name: django_session_session_key_c0390e0f_like; Type: INDEX; Schema: public; Owner: postgres
--

CREATE INDEX django_session_session_key_c0390e0f_like ON public.django_session USING btree (session_key varchar_pattern_ops);


--
-- Name: homepage_pagesection_content_type_id_11566d6f; Type: INDEX; Schema: public; Owner: postgres
--

CREATE INDEX homepage_pagesection_content_type_id_11566d6f ON public.homepage_pagesection USING btree (content_type_id);


--
-- Name: homepage_sectioncontent_section_id_f8eccf7d; Type: INDEX; Schema: public; Owner: postgres
--

CREATE INDEX homepage_sectioncontent_section_id_f8eccf7d ON public.homepage_sectioncontent USING btree (section_id);


--
-- Name: internships_sectioncontent_section_id_b81f8ed6; Type: INDEX; Schema: public; Owner: postgres
--

CREATE INDEX internships_sectioncontent_section_id_b81f8ed6 ON public.internships_sectioncontent USING btree (section_id);


--
-- Name: portfolio_sectioncontent_section_id_0d165a81; Type: INDEX; Schema: public; Owner: postgres
--

CREATE INDEX portfolio_sectioncontent_section_id_0d165a81 ON public.portfolio_sectioncontent USING btree (section_id);


--
-- Name: services_pagesection_submenu_id_3bd4696a; Type: INDEX; Schema: public; Owner: postgres
--

CREATE INDEX services_pagesection_submenu_id_3bd4696a ON public.services_pagesection USING btree (submenu_id);


--
-- Name: services_sectioncontent_section_id_2a513bfd; Type: INDEX; Schema: public; Owner: postgres
--

CREATE INDEX services_sectioncontent_section_id_2a513bfd ON public.services_sectioncontent USING btree (section_id);


--
-- Name: training_pagesection_submenu_id_43248259; Type: INDEX; Schema: public; Owner: postgres
--

CREATE INDEX training_pagesection_submenu_id_43248259 ON public.training_pagesection USING btree (submenu_id);


--
-- Name: training_sectioncontent_section_id_4315da82; Type: INDEX; Schema: public; Owner: postgres
--

CREATE INDEX training_sectioncontent_section_id_4315da82 ON public.training_sectioncontent USING btree (section_id);


--
-- Name: aboutus_sectioncontent aboutus_sectionconte_section_id_11982ff8_fk_aboutus_p; Type: FK CONSTRAINT; Schema: public; Owner: postgres
--

ALTER TABLE ONLY public.aboutus_sectioncontent
    ADD CONSTRAINT aboutus_sectionconte_section_id_11982ff8_fk_aboutus_p FOREIGN KEY (section_id) REFERENCES public.aboutus_pagesection(id) DEFERRABLE INITIALLY DEFERRED;


--
-- Name: auth_group_permissions auth_group_permissio_permission_id_84c5c92e_fk_auth_perm; Type: FK CONSTRAINT; Schema: public; Owner: postgres
--

ALTER TABLE ONLY public.auth_group_permissions
    ADD CONSTRAINT auth_group_permissio_permission_id_84c5c92e_fk_auth_perm FOREIGN KEY (permission_id) REFERENCES public.auth_permission(id) DEFERRABLE INITIALLY DEFERRED;


--
-- Name: auth_group_permissions auth_group_permissions_group_id_b120cbf9_fk_auth_group_id; Type: FK CONSTRAINT; Schema: public; Owner: postgres
--

ALTER TABLE ONLY public.auth_group_permissions
    ADD CONSTRAINT auth_group_permissions_group_id_b120cbf9_fk_auth_group_id FOREIGN KEY (group_id) REFERENCES public.auth_group(id) DEFERRABLE INITIALLY DEFERRED;


--
-- Name: auth_permission auth_permission_content_type_id_2f476e4b_fk_django_co; Type: FK CONSTRAINT; Schema: public; Owner: postgres
--

ALTER TABLE ONLY public.auth_permission
    ADD CONSTRAINT auth_permission_content_type_id_2f476e4b_fk_django_co FOREIGN KEY (content_type_id) REFERENCES public.django_content_type(id) DEFERRABLE INITIALLY DEFERRED;


--
-- Name: auth_user_groups auth_user_groups_group_id_97559544_fk_auth_group_id; Type: FK CONSTRAINT; Schema: public; Owner: postgres
--

ALTER TABLE ONLY public.auth_user_groups
    ADD CONSTRAINT auth_user_groups_group_id_97559544_fk_auth_group_id FOREIGN KEY (group_id) REFERENCES public.auth_group(id) DEFERRABLE INITIALLY DEFERRED;


--
-- Name: auth_user_groups auth_user_groups_user_id_6a12ed8b_fk_auth_user_id; Type: FK CONSTRAINT; Schema: public; Owner: postgres
--

ALTER TABLE ONLY public.auth_user_groups
    ADD CONSTRAINT auth_user_groups_user_id_6a12ed8b_fk_auth_user_id FOREIGN KEY (user_id) REFERENCES public.auth_user(id) DEFERRABLE INITIALLY DEFERRED;


--
-- Name: auth_user_user_permissions auth_user_user_permi_permission_id_1fbb5f2c_fk_auth_perm; Type: FK CONSTRAINT; Schema: public; Owner: postgres
--

ALTER TABLE ONLY public.auth_user_user_permissions
    ADD CONSTRAINT auth_user_user_permi_permission_id_1fbb5f2c_fk_auth_perm FOREIGN KEY (permission_id) REFERENCES public.auth_permission(id) DEFERRABLE INITIALLY DEFERRED;


--
-- Name: auth_user_user_permissions auth_user_user_permissions_user_id_a95ead1b_fk_auth_user_id; Type: FK CONSTRAINT; Schema: public; Owner: postgres
--

ALTER TABLE ONLY public.auth_user_user_permissions
    ADD CONSTRAINT auth_user_user_permissions_user_id_a95ead1b_fk_auth_user_id FOREIGN KEY (user_id) REFERENCES public.auth_user(id) DEFERRABLE INITIALLY DEFERRED;


--
-- Name: core_footeritem core_footeritem_section_id_ac77153b_fk_core_footersection_id; Type: FK CONSTRAINT; Schema: public; Owner: postgres
--

ALTER TABLE ONLY public.core_footeritem
    ADD CONSTRAINT core_footeritem_section_id_ac77153b_fk_core_footersection_id FOREIGN KEY (section_id) REFERENCES public.core_footersection(id) DEFERRABLE INITIALLY DEFERRED;


--
-- Name: core_submenu core_submenu_menu_id_d2c44062_fk_core_menu_id; Type: FK CONSTRAINT; Schema: public; Owner: postgres
--

ALTER TABLE ONLY public.core_submenu
    ADD CONSTRAINT core_submenu_menu_id_d2c44062_fk_core_menu_id FOREIGN KEY (menu_id) REFERENCES public.core_menu(id) DEFERRABLE INITIALLY DEFERRED;


--
-- Name: django_admin_log django_admin_log_content_type_id_c4bce8eb_fk_django_co; Type: FK CONSTRAINT; Schema: public; Owner: postgres
--

ALTER TABLE ONLY public.django_admin_log
    ADD CONSTRAINT django_admin_log_content_type_id_c4bce8eb_fk_django_co FOREIGN KEY (content_type_id) REFERENCES public.django_content_type(id) DEFERRABLE INITIALLY DEFERRED;


--
-- Name: django_admin_log django_admin_log_user_id_c564eba6_fk_auth_user_id; Type: FK CONSTRAINT; Schema: public; Owner: postgres
--

ALTER TABLE ONLY public.django_admin_log
    ADD CONSTRAINT django_admin_log_user_id_c564eba6_fk_auth_user_id FOREIGN KEY (user_id) REFERENCES public.auth_user(id) DEFERRABLE INITIALLY DEFERRED;


--
-- Name: homepage_pagesection homepage_pagesection_content_type_id_11566d6f_fk_django_co; Type: FK CONSTRAINT; Schema: public; Owner: postgres
--

ALTER TABLE ONLY public.homepage_pagesection
    ADD CONSTRAINT homepage_pagesection_content_type_id_11566d6f_fk_django_co FOREIGN KEY (content_type_id) REFERENCES public.django_content_type(id) DEFERRABLE INITIALLY DEFERRED;


--
-- Name: homepage_sectioncontent homepage_sectioncont_section_id_f8eccf7d_fk_homepage_; Type: FK CONSTRAINT; Schema: public; Owner: postgres
--

ALTER TABLE ONLY public.homepage_sectioncontent
    ADD CONSTRAINT homepage_sectioncont_section_id_f8eccf7d_fk_homepage_ FOREIGN KEY (section_id) REFERENCES public.homepage_pagesection(id) DEFERRABLE INITIALLY DEFERRED;


--
-- Name: internships_sectioncontent internships_sectionc_section_id_b81f8ed6_fk_internshi; Type: FK CONSTRAINT; Schema: public; Owner: postgres
--

ALTER TABLE ONLY public.internships_sectioncontent
    ADD CONSTRAINT internships_sectionc_section_id_b81f8ed6_fk_internshi FOREIGN KEY (section_id) REFERENCES public.internships_pagesection(id) DEFERRABLE INITIALLY DEFERRED;


--
-- Name: portfolio_sectioncontent portfolio_sectioncon_section_id_0d165a81_fk_portfolio; Type: FK CONSTRAINT; Schema: public; Owner: postgres
--

ALTER TABLE ONLY public.portfolio_sectioncontent
    ADD CONSTRAINT portfolio_sectioncon_section_id_0d165a81_fk_portfolio FOREIGN KEY (section_id) REFERENCES public.portfolio_pagesection(id) DEFERRABLE INITIALLY DEFERRED;


--
-- Name: services_pagesection services_pagesection_submenu_id_3bd4696a_fk_core_submenu_id; Type: FK CONSTRAINT; Schema: public; Owner: postgres
--

ALTER TABLE ONLY public.services_pagesection
    ADD CONSTRAINT services_pagesection_submenu_id_3bd4696a_fk_core_submenu_id FOREIGN KEY (submenu_id) REFERENCES public.core_submenu(id) DEFERRABLE INITIALLY DEFERRED;


--
-- Name: services_sectioncontent services_sectioncont_section_id_2a513bfd_fk_services_; Type: FK CONSTRAINT; Schema: public; Owner: postgres
--

ALTER TABLE ONLY public.services_sectioncontent
    ADD CONSTRAINT services_sectioncont_section_id_2a513bfd_fk_services_ FOREIGN KEY (section_id) REFERENCES public.services_pagesection(id) DEFERRABLE INITIALLY DEFERRED;


--
-- Name: training_pagesection training_pagesection_submenu_id_43248259_fk_core_submenu_id; Type: FK CONSTRAINT; Schema: public; Owner: postgres
--

ALTER TABLE ONLY public.training_pagesection
    ADD CONSTRAINT training_pagesection_submenu_id_43248259_fk_core_submenu_id FOREIGN KEY (submenu_id) REFERENCES public.core_submenu(id) DEFERRABLE INITIALLY DEFERRED;


--
-- Name: training_sectioncontent training_sectioncont_section_id_4315da82_fk_training_; Type: FK CONSTRAINT; Schema: public; Owner: postgres
--

ALTER TABLE ONLY public.training_sectioncontent
    ADD CONSTRAINT training_sectioncont_section_id_4315da82_fk_training_ FOREIGN KEY (section_id) REFERENCES public.training_pagesection(id) DEFERRABLE INITIALLY DEFERRED;


--
-- PostgreSQL database dump complete
--

\unrestrict UEwowy9gAt93XRgXHVeY2tkyXFmd2R2arZomKTgLvxiWPmjdsoPNXYXM8f4D7Ig

